Workbook

Sheet S1_26_JUIL
A1: S1 — 26/07 AU 26/07/2026 — STANDARD 0 H
A2: ID ZK | B2: Nom | C2: Prénom | D2: Département | E2: Catégorie MOI/MOD | F2: Dim. 26/07 | G2: Heures standard (h) | H2: Travail total (h) | I2: Heures normales (h) | J2: HS 75% (h) | K2: HS 100% (h) | L2: ABS | M2: Congé payé (j) — seulement « Congé » | N2: Jour férié (j) | O2: Total (h) | P2: Contrôle
A3: 0025 | B3: JABNOUN | C3: MOUNA | D3: 01. Direction | E3: MOI | F3: Repos | G3: 0 | H3: =SUM(F3:F3)*24 -> 0 | I3: =SUM(F3:F3)*24 -> 0 | J3: 0 | K3: 0 | L3: =COUNTIF(F3:F3,"ABS") -> 0 | M3: =COUNTIF(F3:F3,"Congé") -> 0 | N3: =COUNTIF(F3:F3,"Férié") -> 0 | O3: =I3+J3+K3+(N3*8.5) -> 0 | P3: =IF(COUNTIF(F3:F3,"STC")>0,"STC",IF(IFERROR(ISNUMBER(SEARCH("!",F3)),FALSE),"À vérifier","OK")) -> OK
A4: 0081 | B4: LAKHEL | C4: MOHAMED | D4: 01. Direction | E4: MOI | F4: Repos | G4: 0 | H4: =SUM(F4:F4)*24 -> 0 | I4: =SUM(F4:F4)*24 -> 0 | J4: 0 | K4: 0 | L4: =COUNTIF(F4:F4,"ABS") -> 0 | M4: =COUNTIF(F4:F4,"Congé") -> 0 | N4: =COUNTIF(F4:F4,"Férié") -> 0 | O4: =I4+J4+K4+(N4*8.5) -> 0 | P4: =IF(COUNTIF(F4:F4,"STC")>0,"STC",IF(IFERROR(ISNUMBER(SEARCH("!",F4)),FALSE),"À vérifier","OK")) -> OK
A5: 0019 | B5: TRIMECHE | C5: CHAIMA | D5: 01. Direction | E5: MOI | F5: Repos | G5: 0 | H5: =SUM(F5:F5)*24 -> 0 | I5: =SUM(F5:F5)*24 -> 0 | J5: 0 | K5: 0 | L5: =COUNTIF(F5:F5,"ABS") -> 0 | M5: =COUNTIF(F5:F5,"Congé") -> 0 | N5: =COUNTIF(F5:F5,"Férié") -> 0 | O5: =I5+J5+K5+(N5*8.5) -> 0 | P5: =IF(COUNTIF(F5:F5,"STC")>0,"STC",IF(IFERROR(ISNUMBER(SEARCH("!",F5)),FALSE),"À vérifier","OK")) -> OK
A6: 124 | B6: AKKARI | C6: FAROUK | D6: 02. Production | E6: MOI | F6: Repos | G6: 0 | H6: =SUM(F6:F6)*24 -> 0 | I6: =SUM(F6:F6)*24 -> 0 | J6: 0 | K6: 0 | L6: =COUNTIF(F6:F6,"ABS") -> 0 | M6: =COUNTIF(F6:F6,"Congé") -> 0 | N6: =COUNTIF(F6:F6,"Férié") -> 0 | O6: =I6+J6+K6+(N6*8.5) -> 0 | P6: =IF(COUNTIF(F6:F6,"STC")>0,"STC",IF(IFERROR(ISNUMBER(SEARCH("!",F6)),FALSE),"À vérifier","OK")) -> OK
A7: 0022 | B7: AMAMOU | C7: ALI | D7: 02. Production | E7: MOI | F7: Repos | G7: 0 | H7: =SUM(F7:F7)*24 -> 0 | I7: =SUM(F7:F7)*24 -> 0 | J7: 0 | K7: 0 | L7: =COUNTIF(F7:F7,"ABS") -> 0 | M7: =COUNTIF(F7:F7,"Congé") -> 0 | N7: =COUNTIF(F7:F7,"Férié") -> 0 | O7: =I7+J7+K7+(N7*8.5) -> 0 | P7: =IF(COUNTIF(F7:F7,"STC")>0,"STC",IF(IFERROR(ISNUMBER(SEARCH("!",F7)),FALSE),"À vérifier","OK")) -> OK
A8: 0013 | B8: DHIBI | C8: TAOUFIK | D8: 02. Production | E8: MOI | F8: Repos | G8: 0 | H8: =SUM(F8:F8)*24 -> 0 | I8: =SUM(F8:F8)*24 -> 0 | J8: 0 | K8: 0 | L8: =COUNTIF(F8:F8,"ABS") -> 0 | M8: =COUNTIF(F8:F8,"Congé") -> 0 | N8: =COUNTIF(F8:F8,"Férié") -> 0 | O8: =I8+J8+K8+(N8*8.5) -> 0 | P8: =IF(COUNTIF(F8:F8,"STC")>0,"STC",IF(IFERROR(ISNUMBER(SEARCH("!",F8)),FALSE),"À vérifier","OK")) -> OK
A9: 0016 | B9: EZZEDINI | C9: HASSEN | D9: 02. Production | E9: MOI | F9: Repos | G9: 0 | H9: =SUM(F9:F9)*24 -> 0 | I9: =SUM(F9:F9)*24 -> 0 | J9: 0 | K9: 0 | L9: =COUNTIF(F9:F9,"ABS") -> 0 | M9: =COUNTIF(F9:F9,"Congé") -> 0 | N9: =COUNTIF(F9:F9,"Férié") -> 0 | O9: =I9+J9+K9+(N9*8.5) -> 0 | P9: =IF(COUNTIF(F9:F9,"STC")>0,"STC",IF(IFERROR(ISNUMBER(SEARCH("!",F9)),FALSE),"À vérifier","OK")) -> OK
A10: 0017 | B10: FERJANI | C10: MOKHLES | D10: 02. Production | E10: MOI | F10: Repos | G10: 0 | H10: =SUM(F10:F10)*24 -> 0 | I10: =SUM(F10:F10)*24 -> 0 | J10: 0 | K10: 0 | L10: =COUNTIF(F10:F10,"ABS") -> 0 | M10: =COUNTIF(F10:F10,"Congé") -> 0 | N10: =COUNTIF(F10:F10,"Férié") -> 0 | O10: =I10+J10+K10+(N10*8.5) -> 0 | P10: =IF(COUNTIF(F10:F10,"STC")>0,"STC",IF(IFERROR(ISNUMBER(SEARCH("!",F10)),FALSE),"À vérifier","OK")) -> OK
A11: 0023 | B11: TLILI | C11: ABDELMAJID | D11: 02. Production | E11: MOI | F11: Repos | G11: 0 | H11: =SUM(F11:F11)*24 -> 0 | I11: =SUM(F11:F11)*24 -> 0 | J11: 0 | K11: 0 | L11: =COUNTIF(F11:F11,"ABS") -> 0 | M11: =COUNTIF(F11:F11,"Congé") -> 0 | N11: =COUNTIF(F11:F11,"Férié") -> 0 | O11: =I11+J11+K11+(N11*8.5) -> 0 | P11: =IF(COUNTIF(F11:F11,"STC")>0,"STC",IF(IFERROR(ISNUMBER(SEARCH("!",F11)),FALSE),"À vérifier","OK")) -> OK
A12: 0029 | B12: CHAIMA | C12: MASSOUDI | D12: 03. Qualité | E12: MOI | F12: Repos | G12: 0 | H12: =SUM(F12:F12)*24 -> 0 | I12: =SUM(F12:F12)*24 -> 0 | J12: 0 | K12: 0 | L12: =COUNTIF(F12:F12,"ABS") -> 0 | M12: =COUNTIF(F12:F12,"Congé") -> 0 | N12: =COUNTIF(F12:F12,"Férié") -> 0 | O12: =I12+J12+K12+(N12*8.5) -> 0 | P12: =IF(COUNTIF(F12:F12,"STC")>0,"STC",IF(IFERROR(ISNUMBER(SEARCH("!",F12)),FALSE),"À vérifier","OK")) -> OK
A13: 132 | B13: GHARSALLAH | C13: RAWYA | D13: 03. Qualité | E13: MOI | F13: Repos | G13: 0 | H13: =SUM(F13:F13)*24 -> 0 | I13: =SUM(F13:F13)*24 -> 0 | J13: 0 | K13: 0 | L13: =COUNTIF(F13:F13,"ABS") -> 0 | M13: =COUNTIF(F13:F13,"Congé") -> 0 | N13: =COUNTIF(F13:F13,"Férié") -> 0 | O13: =I13+J13+K13+(N13*8.5) -> 0 | P13: =IF(COUNTIF(F13:F13,"STC")>0,"STC",IF(IFERROR(ISNUMBER(SEARCH("!",F13)),FALSE),"À vérifier","OK")) -> OK
A14: 174 | B14: HAMAD | C14: MOURAD | D14: 03. Qualité | E14: MOI | F14: Repos | G14: 0 | H14: =SUM(F14:F14)*24 -> 0 | I14: =SUM(F14:F14)*24 -> 0 | J14: 0 | K14: 0 | L14: =COUNTIF(F14:F14,"ABS") -> 0 | M14: =COUNTIF(F14:F14,"Congé") -> 0 | N14: =COUNTIF(F14:F14,"Férié") -> 0 | O14: =I14+J14+K14+(N14*8.5) -> 0 | P14: =IF(COUNTIF(F14:F14,"STC")>0,"STC",IF(IFERROR(ISNUMBER(SEARCH("!",F14)),FALSE),"À vérifier","OK")) -> OK
A15: 0003 | B15: JEDDA | C15: SAFA | D15: 03. Qualité | E15: MOI | F15: Repos | G15: 0 | H15: =SUM(F15:F15)*24 -> 0 | I15: =SUM(F15:F15)*24 -> 0 | J15: 0 | K15: 0 | L15: =COUNTIF(F15:F15,"ABS") -> 0 | M15: =COUNTIF(F15:F15,"Congé") -> 0 | N15: =COUNTIF(F15:F15,"Férié") -> 0 | O15: =I15+J15+K15+(N15*8.5) -> 0 | P15: =IF(COUNTIF(F15:F15,"STC")>0,"STC",IF(IFERROR(ISNUMBER(SEARCH("!",F15)),FALSE),"À vérifier","OK")) -> OK
A16: 0197 | B16: SAIDI | C16: SANA | D16: 03. Qualité | E16: MOI | F16: Repos | G16: 0 | H16: =SUM(F16:F16)*24 -> 0 | I16: =SUM(F16:F16)*24 -> 0 | J16: 0 | K16: 0 | L16: =COUNTIF(F16:F16,"ABS") -> 0 | M16: =COUNTIF(F16:F16,"Congé") -> 0 | N16: =COUNTIF(F16:F16,"Férié") -> 0 | O16: =I16+J16+K16+(N16*8.5) -> 0 | P16: =IF(COUNTIF(F16:F16,"STC")>0,"STC",IF(IFERROR(ISNUMBER(SEARCH("!",F16)),FALSE),"À vérifier","OK")) -> OK
A17: 0198 | B17: SAIDI | C17: SONIA | D17: 03. Qualité | E17: MOI | F17: Repos | G17: 0 | H17: =SUM(F17:F17)*24 -> 0 | I17: =SUM(F17:F17)*24 -> 0 | J17: 0 | K17: 0 | L17: =COUNTIF(F17:F17,"ABS") -> 0 | M17: =COUNTIF(F17:F17,"Congé") -> 0 | N17: =COUNTIF(F17:F17,"Férié") -> 0 | O17: =I17+J17+K17+(N17*8.5) -> 0 | P17: =IF(COUNTIF(F17:F17,"STC")>0,"STC",IF(IFERROR(ISNUMBER(SEARCH("!",F17)),FALSE),"À vérifier","OK")) -> OK
A18: 158 | B18: SEHLI | C18: EYA | D18: 03. Qualité | E18: MOI | F18: Repos | G18: 0 | H18: =SUM(F18:F18)*24 -> 0 | I18: =SUM(F18:F18)*24 -> 0 | J18: 0 | K18: 0 | L18: =COUNTIF(F18:F18,"ABS") -> 0 | M18: =COUNTIF(F18:F18,"Congé") -> 0 | N18: =COUNTIF(F18:F18,"Férié") -> 0 | O18: =I18+J18+K18+(N18*8.5) -> 0 | P18: =IF(COUNTIF(F18:F18,"STC")>0,"STC",IF(IFERROR(ISNUMBER(SEARCH("!",F18)),FALSE),"À vérifier","OK")) -> OK
A19: 0066 | B19: ZAAG | C19: NAOURES | D19: 03. Qualité | E19: MOI | F19: Repos | G19: 0 | H19: =SUM(F19:F19)*24 -> 0 | I19: =SUM(F19:F19)*24 -> 0 | J19: 0 | K19: 0 | L19: =COUNTIF(F19:F19,"ABS") -> 0 | M19: =COUNTIF(F19:F19,"Congé") -> 0 | N19: =COUNTIF(F19:F19,"Férié") -> 0 | O19: =I19+J19+K19+(N19*8.5) -> 0 | P19: =IF(COUNTIF(F19:F19,"STC")>0,"STC",IF(IFERROR(ISNUMBER(SEARCH("!",F19)),FALSE),"À vérifier","OK")) -> OK
A20: 0014 | B20: ABDENNOUR | C20: MOHAMED | D20: 04. Maintenance | E20: MOI | F20: Repos | G20: 0 | H20: =SUM(F20:F20)*24 -> 0 | I20: =SUM(F20:F20)*24 -> 0 | J20: 0 | K20: 0 | L20: =COUNTIF(F20:F20,"ABS") -> 0 | M20: =COUNTIF(F20:F20,"Congé") -> 0 | N20: =COUNTIF(F20:F20,"Férié") -> 0 | O20: =I20+J20+K20+(N20*8.5) -> 0 | P20: =IF(COUNTIF(F20:F20,"STC")>0,"STC",IF(IFERROR(ISNUMBER(SEARCH("!",F20)),FALSE),"À vérifier","OK")) -> OK
A21: 0024 | B21: DRIDI | C21: SLAH | D21: 04. Maintenance | E21: MOI | F21: Repos | G21: 0 | H21: =SUM(F21:F21)*24 -> 0 | I21: =SUM(F21:F21)*24 -> 0 | J21: 0 | K21: 0 | L21: =COUNTIF(F21:F21,"ABS") -> 0 | M21: =COUNTIF(F21:F21,"Congé") -> 0 | N21: =COUNTIF(F21:F21,"Férié") -> 0 | O21: =I21+J21+K21+(N21*8.5) -> 0 | P21: =IF(COUNTIF(F21:F21,"STC")>0,"STC",IF(IFERROR(ISNUMBER(SEARCH("!",F21)),FALSE),"À vérifier","OK")) -> OK
A22: 0140 | B22: FRIGUI | C22: KOUSSAY | D22: 04. Maintenance | E22: MOI | F22: Repos | G22: 0 | H22: =SUM(F22:F22)*24 -> 0 | I22: =SUM(F22:F22)*24 -> 0 | J22: 0 | K22: 0 | L22: =COUNTIF(F22:F22,"ABS") -> 0 | M22: =COUNTIF(F22:F22,"Congé") -> 0 | N22: =COUNTIF(F22:F22,"Férié") -> 0 | O22: =I22+J22+K22+(N22*8.5) -> 0 | P22: =IF(COUNTIF(F22:F22,"STC")>0,"STC",IF(IFERROR(ISNUMBER(SEARCH("!",F22)),FALSE),"À vérifier","OK")) -> OK
A23: 97 | B23: KHEDHER | C23: SALEM | D23: 04. Maintenance | E23: MOI | F23: Repos | G23: 0 | H23: =SUM(F23:F23)*24 -> 0 | I23: =SUM(F23:F23)*24 -> 0 | J23: 0 | K23: 0 | L23: =COUNTIF(F23:F23,"ABS") -> 0 | M23: =COUNTIF(F23:F23,"Congé") -> 0 | N23: =COUNTIF(F23:F23,"Férié") -> 0 | O23: =I23+J23+K23+(N23*8.5) -> 0 | P23: =IF(COUNTIF(F23:F23,"STC")>0,"STC",IF(IFERROR(ISNUMBER(SEARCH("!",F23)),FALSE),"À vérifier","OK")) -> OK
A24: 0020 | B24: LAAYOUNI | C24: ANOUAR | D24: 04. Maintenance | E24: MOI | F24: Repos | G24: 0 | H24: =SUM(F24:F24)*24 -> 0 | I24: =SUM(F24:F24)*24 -> 0 | J24: 0 | K24: 0 | L24: =COUNTIF(F24:F24,"ABS") -> 0 | M24: =COUNTIF(F24:F24,"Congé") -> 0 | N24: =COUNTIF(F24:F24,"Férié") -> 0 | O24: =I24+J24+K24+(N24*8.5) -> 0 | P24: =IF(COUNTIF(F24:F24,"STC")>0,"STC",IF(IFERROR(ISNUMBER(SEARCH("!",F24)),FALSE),"À vérifier","OK")) -> OK
A25: 0004 | B25: ZAIDI | C25: SEIFEDDINE | D25: 04. Maintenance | E25: MOI | F25: Repos | G25: 0 | H25: =SUM(F25:F25)*24 -> 0 | I25: =SUM(F25:F25)*24 -> 0 | J25: 0 | K25: 0 | L25: =COUNTIF(F25:F25,"ABS") -> 0 | M25: =COUNTIF(F25:F25,"Congé") -> 0 | N25: =COUNTIF(F25:F25,"Férié") -> 0 | O25: =I25+J25+K25+(N25*8.5) -> 0 | P25: =IF(COUNTIF(F25:F25,"STC")>0,"STC",IF(IFERROR(ISNUMBER(SEARCH("!",F25)),FALSE),"À vérifier","OK")) -> OK
A26: 0012 | B26: SOUSSI | C26: FATEN | D26: 05. Logistique | E26: MOI | F26: Repos | G26: 0 | H26: =SUM(F26:F26)*24 -> 0 | I26: =SUM(F26:F26)*24 -> 0 | J26: 0 | K26: 0 | L26: =COUNTIF(F26:F26,"ABS") -> 0 | M26: =COUNTIF(F26:F26,"Congé") -> 0 | N26: =COUNTIF(F26:F26,"Férié") -> 0 | O26: =I26+J26+K26+(N26*8.5) -> 0 | P26: =IF(COUNTIF(F26:F26,"STC")>0,"STC",IF(IFERROR(ISNUMBER(SEARCH("!",F26)),FALSE),"À vérifier","OK")) -> OK
A27: 249 | B27: WERFELLI | C27: OUSSEMA | D27: 05. Logistique | E27: MOI | F27: Repos | G27: 0 | H27: =SUM(F27:F27)*24 -> 0 | I27: =SUM(F27:F27)*24 -> 0 | J27: 0 | K27: 0 | L27: =COUNTIF(F27:F27,"ABS") -> 0 | M27: =COUNTIF(F27:F27,"Congé") -> 0 | N27: =COUNTIF(F27:F27,"Férié") -> 0 | O27: =I27+J27+K27+(N27*8.5) -> 0 | P27: =IF(COUNTIF(F27:F27,"STC")>0,"STC",IF(IFERROR(ISNUMBER(SEARCH("!",F27)),FALSE),"À vérifier","OK")) -> OK
A28: 135 | B28: ABID | C28: KHMAIS | D28: 06. RH | E28: MOI | F28: 0.33333333 | G28: 0 | H28: =SUM(F28:F28)*24 -> 8 | I28: =SUM(F28:F28)*24 -> 8 | J28: 0 | K28: 0 | L28: =COUNTIF(F28:F28,"ABS") -> 0 | M28: =COUNTIF(F28:F28,"Congé") -> 0 | N28: =COUNTIF(F28:F28,"Férié") -> 0 | O28: =I28+J28+K28+(N28*8.5) -> 8 | P28: =IF(COUNTIF(F28:F28,"STC")>0,"STC",IF(IFERROR(ISNUMBER(SEARCH("!",F28)),FALSE),"À vérifier","OK")) -> OK
A29: 0031 | B29: ALAYA | C29: ZOHRA | D29: 06. RH | E29: MOI | F29: Repos | G29: 0 | H29: =SUM(F29:F29)*24 -> 0 | I29: =SUM(F29:F29)*24 -> 0 | J29: 0 | K29: 0 | L29: =COUNTIF(F29:F29,"ABS") -> 0 | M29: =COUNTIF(F29:F29,"Congé") -> 0 | N29: =COUNTIF(F29:F29,"Férié") -> 0 | O29: =I29+J29+K29+(N29*8.5) -> 0 | P29: =IF(COUNTIF(F29:F29,"STC")>0,"STC",IF(IFERROR(ISNUMBER(SEARCH("!",F29)),FALSE),"À vérifier","OK")) -> OK
A30: 248 | B30: ATTIYA | C30: NAJEH | D30: 06. RH | E30: MOI | F30: Repos | G30: 0 | H30: =SUM(F30:F30)*24 -> 0 | I30: =SUM(F30:F30)*24 -> 0 | J30: 0 | K30: 0 | L30: =COUNTIF(F30:F30,"ABS") -> 0 | M30: =COUNTIF(F30:F30,"Congé") -> 0 | N30: =COUNTIF(F30:F30,"Férié") -> 0 | O30: =I30+J30+K30+(N30*8.5) -> 0 | P30: =IF(COUNTIF(F30:F30,"STC")>0,"STC",IF(IFERROR(ISNUMBER(SEARCH("!",F30)),FALSE),"À vérifier","OK")) -> OK
A31: 71 | B31: AZZEBI | C31: ATEF | D31: 06. RH | E31: MOI | F31: 0.33333333 | G31: 0 | H31: =SUM(F31:F31)*24 -> 8 | I31: =SUM(F31:F31)*24 -> 8 | J31: 0 | K31: 0 | L31: =COUNTIF(F31:F31,"ABS") -> 0 | M31: =COUNTIF(F31:F31,"Congé") -> 0 | N31: =COUNTIF(F31:F31,"Férié") -> 0 | O31: =I31+J31+K31+(N31*8.5) -> 8 | P31: =IF(COUNTIF(F31:F31,"STC")>0,"STC",IF(IFERROR(ISNUMBER(SEARCH("!",F31)),FALSE),"À vérifier","OK")) -> OK
A32: 227 | B32: BEN SAAD | C32: ZIED | D32: 06. RH | E32: MOI | F32: Repos | G32: 0 | H32: =SUM(F32:F32)*24 -> 0 | I32: =SUM(F32:F32)*24 -> 0 | J32: 0 | K32: 0 | L32: =COUNTIF(F32:F32,"ABS") -> 0 | M32: =COUNTIF(F32:F32,"Congé") -> 0 | N32: =COUNTIF(F32:F32,"Férié") -> 0 | O32: =I32+J32+K32+(N32*8.5) -> 0 | P32: =IF(COUNTIF(F32:F32,"STC")>0,"STC",IF(IFERROR(ISNUMBER(SEARCH("!",F32)),FALSE),"À vérifier","OK")) -> OK
A33: 251 | B33: BRAHEM | C33: WISSEM | D33: 06. RH | E33: MOI | F33: 0.33333333 | G33: 0 | H33: =SUM(F33:F33)*24 -> 8 | I33: =SUM(F33:F33)*24 -> 8 | J33: 0 | K33: 0 | L33: =COUNTIF(F33:F33,"ABS") -> 0 | M33: =COUNTIF(F33:F33,"Congé") -> 0 | N33: =COUNTIF(F33:F33,"Férié") -> 0 | O33: =I33+J33+K33+(N33*8.5) -> 8 | P33: =IF(COUNTIF(F33:F33,"STC")>0,"STC",IF(IFERROR(ISNUMBER(SEARCH("!",F33)),FALSE),"À vérifier","OK")) -> OK
A34: 70 | B34: BRAHIM | C34: HAMDI | D34: 06. RH | E34: MOI | F34: 0.33333333 | G34: 0 | H34: =SUM(F34:F34)*24 -> 8 | I34: =SUM(F34:F34)*24 -> 8 | J34: 0 | K34: 0 | L34: =COUNTIF(F34:F34,"ABS") -> 0 | M34: =COUNTIF(F34:F34,"Congé") -> 0 | N34: =COUNTIF(F34:F34,"Férié") -> 0 | O34: =I34+J34+K34+(N34*8.5) -> 8 | P34: =IF(COUNTIF(F34:F34,"STC")>0,"STC",IF(IFERROR(ISNUMBER(SEARCH("!",F34)),FALSE),"À vérifier","OK")) -> OK
A35: 50 | B35: CHOGHRANI | C35: HAYKEL | D35: 06. RH | E35: MOI | F35: Repos | G35: 0 | H35: =SUM(F35:F35)*24 -> 0 | I35: =SUM(F35:F35)*24 -> 0 | J35: 0 | K35: 0 | L35: =COUNTIF(F35:F35,"ABS") -> 0 | M35: =COUNTIF(F35:F35,"Congé") -> 0 | N35: =COUNTIF(F35:F35,"Férié") -> 0 | O35: =I35+J35+K35+(N35*8.5) -> 0 | P35: =IF(COUNTIF(F35:F35,"STC")>0,"STC",IF(IFERROR(ISNUMBER(SEARCH("!",F35)),FALSE),"À vérifier","OK")) -> OK
A36: 250 | B36: EL AYEB | C36: NAOURES | D36: 06. RH | E36: MOI | F36: Repos | G36: 0 | H36: =SUM(F36:F36)*24 -> 0 | I36: =SUM(F36:F36)*24 -> 0 | J36: 0 | K36: 0 | L36: =COUNTIF(F36:F36,"ABS") -> 0 | M36: =COUNTIF(F36:F36,"Congé") -> 0 | N36: =COUNTIF(F36:F36,"Férié") -> 0 | O36: =I36+J36+K36+(N36*8.5) -> 0 | P36: =IF(COUNTIF(F36:F36,"STC")>0,"STC",IF(IFERROR(ISNUMBER(SEARCH("!",F36)),FALSE),"À vérifier","OK")) -> OK
A37: 0006 | B37: ESSID | C37: HOUSSEM EDDINE | D37: 06. RH | E37: MOI | F37: 0.33333333 | G37: 0 | H37: =SUM(F37:F37)*24 -> 8 | I37: =SUM(F37:F37)*24 -> 8 | J37: 0 | K37: 0 | L37: =COUNTIF(F37:F37,"ABS") -> 0 | M37: =COUNTIF(F37:F37,"Congé") -> 0 | N37: =COUNTIF(F37:F37,"Férié") -> 0 | O37: =I37+J37+K37+(N37*8.5) -> 8 | P37: =IF(COUNTIF(F37:F37,"STC")>0,"STC",IF(IFERROR(ISNUMBER(SEARCH("!",F37)),FALSE),"À vérifier","OK")) -> OK
A38: 223 | B38: GUEDER | C38: AHLEM | D38: 06. RH | E38: MOI | F38: Repos | G38: 0 | H38: =SUM(F38:F38)*24 -> 0 | I38: =SUM(F38:F38)*24 -> 0 | J38: 0 | K38: 0 | L38: =COUNTIF(F38:F38,"ABS") -> 0 | M38: =COUNTIF(F38:F38,"Congé") -> 0 | N38: =COUNTIF(F38:F38,"Férié") -> 0 | O38: =I38+J38+K38+(N38*8.5) -> 0 | P38: =IF(COUNTIF(F38:F38,"STC")>0,"STC",IF(IFERROR(ISNUMBER(SEARCH("!",F38)),FALSE),"À vérifier","OK")) -> OK
A39: 0100 | B39: MLAIKIA | C39: JAWAHER | D39: 06. RH | E39: MOI | F39: Repos | G39: 0 | H39: =SUM(F39:F39)*24 -> 0 | I39: =SUM(F39:F39)*24 -> 0 | J39: 0 | K39: 0 | L39: =COUNTIF(F39:F39,"ABS") -> 0 | M39: =COUNTIF(F39:F39,"Congé") -> 0 | N39: =COUNTIF(F39:F39,"Férié") -> 0 | O39: =I39+J39+K39+(N39*8.5) -> 0 | P39: =IF(COUNTIF(F39:F39,"STC")>0,"STC",IF(IFERROR(ISNUMBER(SEARCH("!",F39)),FALSE),"À vérifier","OK")) -> OK
A40: 0010 | B40: RTIBI | C40: MOKHTAR | D40: 06. RH | E40: MOI | F40: Repos | G40: 0 | H40: =SUM(F40:F40)*24 -> 0 | I40: =SUM(F40:F40)*24 -> 0 | J40: 0 | K40: 0 | L40: =COUNTIF(F40:F40,"ABS") -> 0 | M40: =COUNTIF(F40:F40,"Congé") -> 0 | N40: =COUNTIF(F40:F40,"Férié") -> 0 | O40: =I40+J40+K40+(N40*8.5) -> 0 | P40: =IF(COUNTIF(F40:F40,"STC")>0,"STC",IF(IFERROR(ISNUMBER(SEARCH("!",F40)),FALSE),"À vérifier","OK")) -> OK
A41: 0107 | B41: ABBES | C41: WALID | D41: 02. Production | E41: MOD | F41: Repos | G41: 0 | H41: =SUM(F41:F41)*24 -> 0 | I41: =SUM(F41:F41)*24 -> 0 | J41: 0 | K41: 0 | L41: =COUNTIF(F41:F41,"ABS") -> 0 | M41: =COUNTIF(F41:F41,"Congé") -> 0 | N41: =COUNTIF(F41:F41,"Férié") -> 0 | O41: =I41+J41+K41+(N41*8.5) -> 0 | P41: =IF(COUNTIF(F41:F41,"STC")>0,"STC",IF(IFERROR(ISNUMBER(SEARCH("!",F41)),FALSE),"À vérifier","OK")) -> OK
A42: 0167 | B42: ABDENNOUR | C42: ALAA | D42: 02. Production | E42: MOD | F42: Repos | G42: 0 | H42: =SUM(F42:F42)*24 -> 0 | I42: =SUM(F42:F42)*24 -> 0 | J42: 0 | K42: 0 | L42: =COUNTIF(F42:F42,"ABS") -> 0 | M42: =COUNTIF(F42:F42,"Congé") -> 0 | N42: =COUNTIF(F42:F42,"Férié") -> 0 | O42: =I42+J42+K42+(N42*8.5) -> 0 | P42: =IF(COUNTIF(F42:F42,"STC")>0,"STC",IF(IFERROR(ISNUMBER(SEARCH("!",F42)),FALSE),"À vérifier","OK")) -> OK
A43: 0205 | B43: AJEJ | C43: MOOTEZ | D43: 02. Production | E43: MOD | F43: Repos | G43: 0 | H43: =SUM(F43:F43)*24 -> 0 | I43: =SUM(F43:F43)*24 -> 0 | J43: 0 | K43: 0 | L43: =COUNTIF(F43:F43,"ABS") -> 0 | M43: =COUNTIF(F43:F43,"Congé") -> 0 | N43: =COUNTIF(F43:F43,"Férié") -> 0 | O43: =I43+J43+K43+(N43*8.5) -> 0 | P43: =IF(COUNTIF(F43:F43,"STC")>0,"STC",IF(IFERROR(ISNUMBER(SEARCH("!",F43)),FALSE),"À vérifier","OK")) -> OK
A44: 53 | B44: ALLEGUI | C44: AMEL | D44: 02. Production | E44: MOD | F44: Repos | G44: 0 | H44: =SUM(F44:F44)*24 -> 0 | I44: =SUM(F44:F44)*24 -> 0 | J44: 0 | K44: 0 | L44: =COUNTIF(F44:F44,"ABS") -> 0 | M44: =COUNTIF(F44:F44,"Congé") -> 0 | N44: =COUNTIF(F44:F44,"Férié") -> 0 | O44: =I44+J44+K44+(N44*8.5) -> 0 | P44: =IF(COUNTIF(F44:F44,"STC")>0,"STC",IF(IFERROR(ISNUMBER(SEARCH("!",F44)),FALSE),"À vérifier","OK")) -> OK
A45: 0148 | B45: ALOUI | C45: HANADI | D45: 02. Production | E45: MOD | F45: Repos | G45: 0 | H45: =SUM(F45:F45)*24 -> 0 | I45: =SUM(F45:F45)*24 -> 0 | J45: 0 | K45: 0 | L45: =COUNTIF(F45:F45,"ABS") -> 0 | M45: =COUNTIF(F45:F45,"Congé") -> 0 | N45: =COUNTIF(F45:F45,"Férié") -> 0 | O45: =I45+J45+K45+(N45*8.5) -> 0 | P45: =IF(COUNTIF(F45:F45,"STC")>0,"STC",IF(IFERROR(ISNUMBER(SEARCH("!",F45)),FALSE),"À vérifier","OK")) -> OK
A46: 0141 | B46: AMMAR | C46: NJIMA | D46: 02. Production | E46: MOD | F46: Repos | G46: 0 | H46: =SUM(F46:F46)*24 -> 0 | I46: =SUM(F46:F46)*24 -> 0 | J46: 0 | K46: 0 | L46: =COUNTIF(F46:F46,"ABS") -> 0 | M46: =COUNTIF(F46:F46,"Congé") -> 0 | N46: =COUNTIF(F46:F46,"Férié") -> 0 | O46: =I46+J46+K46+(N46*8.5) -> 0 | P46: =IF(COUNTIF(F46:F46,"STC")>0,"STC",IF(IFERROR(ISNUMBER(SEARCH("!",F46)),FALSE),"À vérifier","OK")) -> OK
A47: 0047 | B47: ASSADI | C47: HAJER | D47: 02. Production | E47: MOD | F47: Repos | G47: 0 | H47: =SUM(F47:F47)*24 -> 0 | I47: =SUM(F47:F47)*24 -> 0 | J47: 0 | K47: 0 | L47: =COUNTIF(F47:F47,"ABS") -> 0 | M47: =COUNTIF(F47:F47,"Congé") -> 0 | N47: =COUNTIF(F47:F47,"Férié") -> 0 | O47: =I47+J47+K47+(N47*8.5) -> 0 | P47: =IF(COUNTIF(F47:F47,"STC")>0,"STC",IF(IFERROR(ISNUMBER(SEARCH("!",F47)),FALSE),"À vérifier","OK")) -> OK
A48: 0136 | B48: ATTAFI | C48: SKANDER | D48: 02. Production | E48: MOD | F48: Repos | G48: 0 | H48: =SUM(F48:F48)*24 -> 0 | I48: =SUM(F48:F48)*24 -> 0 | J48: 0 | K48: 0 | L48: =COUNTIF(F48:F48,"ABS") -> 0 | M48: =COUNTIF(F48:F48,"Congé") -> 0 | N48: =COUNTIF(F48:F48,"Férié") -> 0 | O48: =I48+J48+K48+(N48*8.5) -> 0 | P48: =IF(COUNTIF(F48:F48,"STC")>0,"STC",IF(IFERROR(ISNUMBER(SEARCH("!",F48)),FALSE),"À vérifier","OK")) -> OK
A49: 0156 | B49: BACCAR | C49: Islem | D49: 02. Production | E49: MOD | F49: Repos | G49: 0 | H49: =SUM(F49:F49)*24 -> 0 | I49: =SUM(F49:F49)*24 -> 0 | J49: 0 | K49: 0 | L49: =COUNTIF(F49:F49,"ABS") -> 0 | M49: =COUNTIF(F49:F49,"Congé") -> 0 | N49: =COUNTIF(F49:F49,"Férié") -> 0 | O49: =I49+J49+K49+(N49*8.5) -> 0 | P49: =IF(COUNTIF(F49:F49,"STC")>0,"STC",IF(IFERROR(ISNUMBER(SEARCH("!",F49)),FALSE),"À vérifier","OK")) -> OK
A50: 0093 | B50: BEN ABDELKADER | C50: HADIR | D50: 02. Production | E50: MOD | F50: Repos | G50: 0 | H50: =SUM(F50:F50)*24 -> 0 | I50: =SUM(F50:F50)*24 -> 0 | J50: 0 | K50: 0 | L50: =COUNTIF(F50:F50,"ABS") -> 0 | M50: =COUNTIF(F50:F50,"Congé") -> 0 | N50: =COUNTIF(F50:F50,"Férié") -> 0 | O50: =I50+J50+K50+(N50*8.5) -> 0 | P50: =IF(COUNTIF(F50:F50,"STC")>0,"STC",IF(IFERROR(ISNUMBER(SEARCH("!",F50)),FALSE),"À vérifier","OK")) -> OK
A51: 0104 | B51: BEN IBRAHIM | C51: BADREDDINE | D51: 02. Production | E51: MOD | F51: Repos | G51: 0 | H51: =SUM(F51:F51)*24 -> 0 | I51: =SUM(F51:F51)*24 -> 0 | J51: 0 | K51: 0 | L51: =COUNTIF(F51:F51,"ABS") -> 0 | M51: =COUNTIF(F51:F51,"Congé") -> 0 | N51: =COUNTIF(F51:F51,"Férié") -> 0 | O51: =I51+J51+K51+(N51*8.5) -> 0 | P51: =IF(COUNTIF(F51:F51,"STC")>0,"STC",IF(IFERROR(ISNUMBER(SEARCH("!",F51)),FALSE),"À vérifier","OK")) -> OK
A52: 0100 | B52: BEN IBRAHIM | C52: MOHANNED | D52: 02. Production | E52: MOD | F52: Repos | G52: 0 | H52: =SUM(F52:F52)*24 -> 0 | I52: =SUM(F52:F52)*24 -> 0 | J52: 0 | K52: 0 | L52: =COUNTIF(F52:F52,"ABS") -> 0 | M52: =COUNTIF(F52:F52,"Congé") -> 0 | N52: =COUNTIF(F52:F52,"Férié") -> 0 | O52: =I52+J52+K52+(N52*8.5) -> 0 | P52: =IF(COUNTIF(F52:F52,"STC")>0,"STC",IF(IFERROR(ISNUMBER(SEARCH("!",F52)),FALSE),"À vérifier","OK")) -> OK
A53: 177 | B53: BESSWA | C53: YASMINE | D53: 02. Production | E53: MOD | F53: Repos | G53: 0 | H53: =SUM(F53:F53)*24 -> 0 | I53: =SUM(F53:F53)*24 -> 0 | J53: 0 | K53: 0 | L53: =COUNTIF(F53:F53,"ABS") -> 0 | M53: =COUNTIF(F53:F53,"Congé") -> 0 | N53: =COUNTIF(F53:F53,"Férié") -> 0 | O53: =I53+J53+K53+(N53*8.5) -> 0 | P53: =IF(COUNTIF(F53:F53,"STC")>0,"STC",IF(IFERROR(ISNUMBER(SEARCH("!",F53)),FALSE),"À vérifier","OK")) -> OK
A54: 0179 | B54: BORJI | C54: YASMINE | D54: 02. Production | E54: MOD | F54: Repos | G54: 0 | H54: =SUM(F54:F54)*24 -> 0 | I54: =SUM(F54:F54)*24 -> 0 | J54: 0 | K54: 0 | L54: =COUNTIF(F54:F54,"ABS") -> 0 | M54: =COUNTIF(F54:F54,"Congé") -> 0 | N54: =COUNTIF(F54:F54,"Férié") -> 0 | O54: =I54+J54+K54+(N54*8.5) -> 0 | P54: =IF(COUNTIF(F54:F54,"STC")>0,"STC",IF(IFERROR(ISNUMBER(SEARCH("!",F54)),FALSE),"À vérifier","OK")) -> OK
A55: 0150 | B55: BOUATAY | C55: ALMA | D55: 02. Production | E55: MOD | F55: Repos | G55: 0 | H55: =SUM(F55:F55)*24 -> 0 | I55: =SUM(F55:F55)*24 -> 0 | J55: 0 | K55: 0 | L55: =COUNTIF(F55:F55,"ABS") -> 0 | M55: =COUNTIF(F55:F55,"Congé") -> 0 | N55: =COUNTIF(F55:F55,"Férié") -> 0 | O55: =I55+J55+K55+(N55*8.5) -> 0 | P55: =IF(COUNTIF(F55:F55,"STC")>0,"STC",IF(IFERROR(ISNUMBER(SEARCH("!",F55)),FALSE),"À vérifier","OK")) -> OK
A56: 163 | B56: BOUYATTAY | C56: SENDA | D56: 02. Production | E56: MOD | F56: Repos | G56: 0 | H56: =SUM(F56:F56)*24 -> 0 | I56: =SUM(F56:F56)*24 -> 0 | J56: 0 | K56: 0 | L56: =COUNTIF(F56:F56,"ABS") -> 0 | M56: =COUNTIF(F56:F56,"Congé") -> 0 | N56: =COUNTIF(F56:F56,"Férié") -> 0 | O56: =I56+J56+K56+(N56*8.5) -> 0 | P56: =IF(COUNTIF(F56:F56,"STC")>0,"STC",IF(IFERROR(ISNUMBER(SEARCH("!",F56)),FALSE),"À vérifier","OK")) -> OK
A57: 240 | B57: BRICHNI | C57: ZAINEB | D57: 02. Production | E57: MOD | F57: Repos | G57: 0 | H57: =SUM(F57:F57)*24 -> 0 | I57: =SUM(F57:F57)*24 -> 0 | J57: 0 | K57: 0 | L57: =COUNTIF(F57:F57,"ABS") -> 0 | M57: =COUNTIF(F57:F57,"Congé") -> 0 | N57: =COUNTIF(F57:F57,"Férié") -> 0 | O57: =I57+J57+K57+(N57*8.5) -> 0 | P57: =IF(COUNTIF(F57:F57,"STC")>0,"STC",IF(IFERROR(ISNUMBER(SEARCH("!",F57)),FALSE),"À vérifier","OK")) -> OK
A58: 0052 | B58: CHEDLY | C58: LAMIS | D58: 02. Production | E58: MOD | F58: Repos | G58: 0 | H58: =SUM(F58:F58)*24 -> 0 | I58: =SUM(F58:F58)*24 -> 0 | J58: 0 | K58: 0 | L58: =COUNTIF(F58:F58,"ABS") -> 0 | M58: =COUNTIF(F58:F58,"Congé") -> 0 | N58: =COUNTIF(F58:F58,"Férié") -> 0 | O58: =I58+J58+K58+(N58*8.5) -> 0 | P58: =IF(COUNTIF(F58:F58,"STC")>0,"STC",IF(IFERROR(ISNUMBER(SEARCH("!",F58)),FALSE),"À vérifier","OK")) -> OK
A59: 0061 | B59: CHENCHEN | C59: MANEL | D59: 02. Production | E59: MOD | F59: Repos | G59: 0 | H59: =SUM(F59:F59)*24 -> 0 | I59: =SUM(F59:F59)*24 -> 0 | J59: 0 | K59: 0 | L59: =COUNTIF(F59:F59,"ABS") -> 0 | M59: =COUNTIF(F59:F59,"Congé") -> 0 | N59: =COUNTIF(F59:F59,"Férié") -> 0 | O59: =I59+J59+K59+(N59*8.5) -> 0 | P59: =IF(COUNTIF(F59:F59,"STC")>0,"STC",IF(IFERROR(ISNUMBER(SEARCH("!",F59)),FALSE),"À vérifier","OK")) -> OK
A60: 192 | B60: CHIBA | C60: RANIM | D60: 02. Production | E60: MOD | F60: Repos | G60: 0 | H60: =SUM(F60:F60)*24 -> 0 | I60: =SUM(F60:F60)*24 -> 0 | J60: 0 | K60: 0 | L60: =COUNTIF(F60:F60,"ABS") -> 0 | M60: =COUNTIF(F60:F60,"Congé") -> 0 | N60: =COUNTIF(F60:F60,"Férié") -> 0 | O60: =I60+J60+K60+(N60*8.5) -> 0 | P60: =IF(COUNTIF(F60:F60,"STC")>0,"STC",IF(IFERROR(ISNUMBER(SEARCH("!",F60)),FALSE),"À vérifier","OK")) -> OK
A61: 0211 | B61: CHIKHAOUI | C61: KHOULOUD | D61: 02. Production | E61: MOD | F61: Repos | G61: 0 | H61: =SUM(F61:F61)*24 -> 0 | I61: =SUM(F61:F61)*24 -> 0 | J61: 0 | K61: 0 | L61: =COUNTIF(F61:F61,"ABS") -> 0 | M61: =COUNTIF(F61:F61,"Congé") -> 0 | N61: =COUNTIF(F61:F61,"Férié") -> 0 | O61: =I61+J61+K61+(N61*8.5) -> 0 | P61: =IF(COUNTIF(F61:F61,"STC")>0,"STC",IF(IFERROR(ISNUMBER(SEARCH("!",F61)),FALSE),"À vérifier","OK")) -> OK
A62: 0222 | B62: DACHRAOUI | C62: TAYSIR | D62: 02. Production | E62: MOD | F62: Repos | G62: 0 | H62: =SUM(F62:F62)*24 -> 0 | I62: =SUM(F62:F62)*24 -> 0 | J62: 0 | K62: 0 | L62: =COUNTIF(F62:F62,"ABS") -> 0 | M62: =COUNTIF(F62:F62,"Congé") -> 0 | N62: =COUNTIF(F62:F62,"Férié") -> 0 | O62: =I62+J62+K62+(N62*8.5) -> 0 | P62: =IF(COUNTIF(F62:F62,"STC")>0,"STC",IF(IFERROR(ISNUMBER(SEARCH("!",F62)),FALSE),"À vérifier","OK")) -> OK
A63: 0109 | B63: DHIFALLAH | C63: INES | D63: 02. Production | E63: MOD | F63: Repos | G63: 0 | H63: =SUM(F63:F63)*24 -> 0 | I63: =SUM(F63:F63)*24 -> 0 | J63: 0 | K63: 0 | L63: =COUNTIF(F63:F63,"ABS") -> 0 | M63: =COUNTIF(F63:F63,"Congé") -> 0 | N63: =COUNTIF(F63:F63,"Férié") -> 0 | O63: =I63+J63+K63+(N63*8.5) -> 0 | P63: =IF(COUNTIF(F63:F63,"STC")>0,"STC",IF(IFERROR(ISNUMBER(SEARCH("!",F63)),FALSE),"À vérifier","OK")) -> OK
A64: 0119 | B64: DIWANI | C64: RAHMA | D64: 02. Production | E64: MOD | F64: Repos | G64: 0 | H64: =SUM(F64:F64)*24 -> 0 | I64: =SUM(F64:F64)*24 -> 0 | J64: 0 | K64: 0 | L64: =COUNTIF(F64:F64,"ABS") -> 0 | M64: =COUNTIF(F64:F64,"Congé") -> 0 | N64: =COUNTIF(F64:F64,"Férié") -> 0 | O64: =I64+J64+K64+(N64*8.5) -> 0 | P64: =IF(COUNTIF(F64:F64,"STC")>0,"STC",IF(IFERROR(ISNUMBER(SEARCH("!",F64)),FALSE),"À vérifier","OK")) -> OK
A65: 169 | B65: EDWENI | C65: ONS | D65: 02. Production | E65: MOD | F65: Repos | G65: 0 | H65: =SUM(F65:F65)*24 -> 0 | I65: =SUM(F65:F65)*24 -> 0 | J65: 0 | K65: 0 | L65: =COUNTIF(F65:F65,"ABS") -> 0 | M65: =COUNTIF(F65:F65,"Congé") -> 0 | N65: =COUNTIF(F65:F65,"Férié") -> 0 | O65: =I65+J65+K65+(N65*8.5) -> 0 | P65: =IF(COUNTIF(F65:F65,"STC")>0,"STC",IF(IFERROR(ISNUMBER(SEARCH("!",F65)),FALSE),"À vérifier","OK")) -> OK
A66: 0175 | B66: ELOUAER | C66: AMENI | D66: 02. Production | E66: MOD | F66: Repos | G66: 0 | H66: =SUM(F66:F66)*24 -> 0 | I66: =SUM(F66:F66)*24 -> 0 | J66: 0 | K66: 0 | L66: =COUNTIF(F66:F66,"ABS") -> 0 | M66: =COUNTIF(F66:F66,"Congé") -> 0 | N66: =COUNTIF(F66:F66,"Férié") -> 0 | O66: =I66+J66+K66+(N66*8.5) -> 0 | P66: =IF(COUNTIF(F66:F66,"STC")>0,"STC",IF(IFERROR(ISNUMBER(SEARCH("!",F66)),FALSE),"À vérifier","OK")) -> OK
A67: 0201 | B67: GAABEL | C67: ZAHRA | D67: 02. Production | E67: MOD | F67: Repos | G67: 0 | H67: =SUM(F67:F67)*24 -> 0 | I67: =SUM(F67:F67)*24 -> 0 | J67: 0 | K67: 0 | L67: =COUNTIF(F67:F67,"ABS") -> 0 | M67: =COUNTIF(F67:F67,"Congé") -> 0 | N67: =COUNTIF(F67:F67,"Férié") -> 0 | O67: =I67+J67+K67+(N67*8.5) -> 0 | P67: =IF(COUNTIF(F67:F67,"STC")>0,"STC",IF(IFERROR(ISNUMBER(SEARCH("!",F67)),FALSE),"À vérifier","OK")) -> OK
A68: 0111 | B68: GARHELAL | C68: AZZA | D68: 02. Production | E68: MOD | F68: Repos | G68: 0 | H68: =SUM(F68:F68)*24 -> 0 | I68: =SUM(F68:F68)*24 -> 0 | J68: 0 | K68: 0 | L68: =COUNTIF(F68:F68,"ABS") -> 0 | M68: =COUNTIF(F68:F68,"Congé") -> 0 | N68: =COUNTIF(F68:F68,"Férié") -> 0 | O68: =I68+J68+K68+(N68*8.5) -> 0 | P68: =IF(COUNTIF(F68:F68,"STC")>0,"STC",IF(IFERROR(ISNUMBER(SEARCH("!",F68)),FALSE),"À vérifier","OK")) -> OK
A69: 166 | B69: GUEZMIL | C69: DOUAA | D69: 02. Production | E69: MOD | F69: Repos | G69: 0 | H69: =SUM(F69:F69)*24 -> 0 | I69: =SUM(F69:F69)*24 -> 0 | J69: 0 | K69: 0 | L69: =COUNTIF(F69:F69,"ABS") -> 0 | M69: =COUNTIF(F69:F69,"Congé") -> 0 | N69: =COUNTIF(F69:F69,"Férié") -> 0 | O69: =I69+J69+K69+(N69*8.5) -> 0 | P69: =IF(COUNTIF(F69:F69,"STC")>0,"STC",IF(IFERROR(ISNUMBER(SEARCH("!",F69)),FALSE),"À vérifier","OK")) -> OK
A70: 0182 | B70: GUEZMIL | C70: NESRINE | D70: 02. Production | E70: MOD | F70: Repos | G70: 0 | H70: =SUM(F70:F70)*24 -> 0 | I70: =SUM(F70:F70)*24 -> 0 | J70: 0 | K70: 0 | L70: =COUNTIF(F70:F70,"ABS") -> 0 | M70: =COUNTIF(F70:F70,"Congé") -> 0 | N70: =COUNTIF(F70:F70,"Férié") -> 0 | O70: =I70+J70+K70+(N70*8.5) -> 0 | P70: =IF(COUNTIF(F70:F70,"STC")>0,"STC",IF(IFERROR(ISNUMBER(SEARCH("!",F70)),FALSE),"À vérifier","OK")) -> OK
A71: 0191 | B71: GUEZMIL | C71: Sirine | D71: 02. Production | E71: MOD | F71: Repos | G71: 0 | H71: =SUM(F71:F71)*24 -> 0 | I71: =SUM(F71:F71)*24 -> 0 | J71: 0 | K71: 0 | L71: =COUNTIF(F71:F71,"ABS") -> 0 | M71: =COUNTIF(F71:F71,"Congé") -> 0 | N71: =COUNTIF(F71:F71,"Férié") -> 0 | O71: =I71+J71+K71+(N71*8.5) -> 0 | P71: =IF(COUNTIF(F71:F71,"STC")>0,"STC",IF(IFERROR(ISNUMBER(SEARCH("!",F71)),FALSE),"À vérifier","OK")) -> OK
A72: 0217 | B72: GUEZMIL | C72: YOSRA | D72: 02. Production | E72: MOD | F72: Repos | G72: 0 | H72: =SUM(F72:F72)*24 -> 0 | I72: =SUM(F72:F72)*24 -> 0 | J72: 0 | K72: 0 | L72: =COUNTIF(F72:F72,"ABS") -> 0 | M72: =COUNTIF(F72:F72,"Congé") -> 0 | N72: =COUNTIF(F72:F72,"Férié") -> 0 | O72: =I72+J72+K72+(N72*8.5) -> 0 | P72: =IF(COUNTIF(F72:F72,"STC")>0,"STC",IF(IFERROR(ISNUMBER(SEARCH("!",F72)),FALSE),"À vérifier","OK")) -> OK
A73: 0220 | B73: GURISSA | C73: FARAH | D73: 02. Production | E73: MOD | F73: Repos | G73: 0 | H73: =SUM(F73:F73)*24 -> 0 | I73: =SUM(F73:F73)*24 -> 0 | J73: 0 | K73: 0 | L73: =COUNTIF(F73:F73,"ABS") -> 0 | M73: =COUNTIF(F73:F73,"Congé") -> 0 | N73: =COUNTIF(F73:F73,"Férié") -> 0 | O73: =I73+J73+K73+(N73*8.5) -> 0 | P73: =IF(COUNTIF(F73:F73,"STC")>0,"STC",IF(IFERROR(ISNUMBER(SEARCH("!",F73)),FALSE),"À vérifier","OK")) -> OK
A74: 0210 | B74: HAMROUNI | C74: KHADIJA | D74: 02. Production | E74: MOD | F74: Repos | G74: 0 | H74: =SUM(F74:F74)*24 -> 0 | I74: =SUM(F74:F74)*24 -> 0 | J74: 0 | K74: 0 | L74: =COUNTIF(F74:F74,"ABS") -> 0 | M74: =COUNTIF(F74:F74,"Congé") -> 0 | N74: =COUNTIF(F74:F74,"Férié") -> 0 | O74: =I74+J74+K74+(N74*8.5) -> 0 | P74: =IF(COUNTIF(F74:F74,"STC")>0,"STC",IF(IFERROR(ISNUMBER(SEARCH("!",F74)),FALSE),"À vérifier","OK")) -> OK
A75: 0185 | B75: HAMZAOUI | C75: ARWA | D75: 02. Production | E75: MOD | F75: Repos | G75: 0 | H75: =SUM(F75:F75)*24 -> 0 | I75: =SUM(F75:F75)*24 -> 0 | J75: 0 | K75: 0 | L75: =COUNTIF(F75:F75,"ABS") -> 0 | M75: =COUNTIF(F75:F75,"Congé") -> 0 | N75: =COUNTIF(F75:F75,"Férié") -> 0 | O75: =I75+J75+K75+(N75*8.5) -> 0 | P75: =IF(COUNTIF(F75:F75,"STC")>0,"STC",IF(IFERROR(ISNUMBER(SEARCH("!",F75)),FALSE),"À vérifier","OK")) -> OK
A76: 244 | B76: HASNI | C76: ZAINEB | D76: 02. Production | E76: MOD | F76: Repos | G76: 0 | H76: =SUM(F76:F76)*24 -> 0 | I76: =SUM(F76:F76)*24 -> 0 | J76: 0 | K76: 0 | L76: =COUNTIF(F76:F76,"ABS") -> 0 | M76: =COUNTIF(F76:F76,"Congé") -> 0 | N76: =COUNTIF(F76:F76,"Férié") -> 0 | O76: =I76+J76+K76+(N76*8.5) -> 0 | P76: =IF(COUNTIF(F76:F76,"STC")>0,"STC",IF(IFERROR(ISNUMBER(SEARCH("!",F76)),FALSE),"À vérifier","OK")) -> OK
A77: 0192 | B77: HOUASSE | C77: SONIA | D77: 02. Production | E77: MOD | F77: Repos | G77: 0 | H77: =SUM(F77:F77)*24 -> 0 | I77: =SUM(F77:F77)*24 -> 0 | J77: 0 | K77: 0 | L77: =COUNTIF(F77:F77,"ABS") -> 0 | M77: =COUNTIF(F77:F77,"Congé") -> 0 | N77: =COUNTIF(F77:F77,"Férié") -> 0 | O77: =I77+J77+K77+(N77*8.5) -> 0 | P77: =IF(COUNTIF(F77:F77,"STC")>0,"STC",IF(IFERROR(ISNUMBER(SEARCH("!",F77)),FALSE),"À vérifier","OK")) -> OK
A78: 183 | B78: HRABI | C78: ISSA | D78: 02. Production | E78: MOD | F78: Repos | G78: 0 | H78: =SUM(F78:F78)*24 -> 0 | I78: =SUM(F78:F78)*24 -> 0 | J78: 0 | K78: 0 | L78: =COUNTIF(F78:F78,"ABS") -> 0 | M78: =COUNTIF(F78:F78,"Congé") -> 0 | N78: =COUNTIF(F78:F78,"Férié") -> 0 | O78: =I78+J78+K78+(N78*8.5) -> 0 | P78: =IF(COUNTIF(F78:F78,"STC")>0,"STC",IF(IFERROR(ISNUMBER(SEARCH("!",F78)),FALSE),"À vérifier","OK")) -> OK
A79: 234 | B79: KACEM | C79: MALEK | D79: 02. Production | E79: MOD | F79: Repos | G79: 0 | H79: =SUM(F79:F79)*24 -> 0 | I79: =SUM(F79:F79)*24 -> 0 | J79: 0 | K79: 0 | L79: =COUNTIF(F79:F79,"ABS") -> 0 | M79: =COUNTIF(F79:F79,"Congé") -> 0 | N79: =COUNTIF(F79:F79,"Férié") -> 0 | O79: =I79+J79+K79+(N79*8.5) -> 0 | P79: =IF(COUNTIF(F79:F79,"STC")>0,"STC",IF(IFERROR(ISNUMBER(SEARCH("!",F79)),FALSE),"À vérifier","OK")) -> OK
A80: 0212 | B80: KHALFALLAH | C80: IBTISSEM | D80: 02. Production | E80: MOD | F80: Repos | G80: 0 | H80: =SUM(F80:F80)*24 -> 0 | I80: =SUM(F80:F80)*24 -> 0 | J80: 0 | K80: 0 | L80: =COUNTIF(F80:F80,"ABS") -> 0 | M80: =COUNTIF(F80:F80,"Congé") -> 0 | N80: =COUNTIF(F80:F80,"Férié") -> 0 | O80: =I80+J80+K80+(N80*8.5) -> 0 | P80: =IF(COUNTIF(F80:F80,"STC")>0,"STC",IF(IFERROR(ISNUMBER(SEARCH("!",F80)),FALSE),"À vérifier","OK")) -> OK
A81: 0094 | B81: KHAMMAR | C81: MOUNA | D81: 02. Production | E81: MOD | F81: Repos | G81: 0 | H81: =SUM(F81:F81)*24 -> 0 | I81: =SUM(F81:F81)*24 -> 0 | J81: 0 | K81: 0 | L81: =COUNTIF(F81:F81,"ABS") -> 0 | M81: =COUNTIF(F81:F81,"Congé") -> 0 | N81: =COUNTIF(F81:F81,"Férié") -> 0 | O81: =I81+J81+K81+(N81*8.5) -> 0 | P81: =IF(COUNTIF(F81:F81,"STC")>0,"STC",IF(IFERROR(ISNUMBER(SEARCH("!",F81)),FALSE),"À vérifier","OK")) -> OK
A82: 118 | B82: KHMISSI | C82: ASMA | D82: 02. Production | E82: MOD | F82: Repos | G82: 0 | H82: =SUM(F82:F82)*24 -> 0 | I82: =SUM(F82:F82)*24 -> 0 | J82: 0 | K82: 0 | L82: =COUNTIF(F82:F82,"ABS") -> 0 | M82: =COUNTIF(F82:F82,"Congé") -> 0 | N82: =COUNTIF(F82:F82,"Férié") -> 0 | O82: =I82+J82+K82+(N82*8.5) -> 0 | P82: =IF(COUNTIF(F82:F82,"STC")>0,"STC",IF(IFERROR(ISNUMBER(SEARCH("!",F82)),FALSE),"À vérifier","OK")) -> OK
A83: 199 | B83: KLAII | C83: MARAM | D83: 02. Production | E83: MOD | F83: Repos | G83: 0 | H83: =SUM(F83:F83)*24 -> 0 | I83: =SUM(F83:F83)*24 -> 0 | J83: 0 | K83: 0 | L83: =COUNTIF(F83:F83,"ABS") -> 0 | M83: =COUNTIF(F83:F83,"Congé") -> 0 | N83: =COUNTIF(F83:F83,"Férié") -> 0 | O83: =I83+J83+K83+(N83*8.5) -> 0 | P83: =IF(COUNTIF(F83:F83,"STC")>0,"STC",IF(IFERROR(ISNUMBER(SEARCH("!",F83)),FALSE),"À vérifier","OK")) -> OK
A84: 0200 | B84: KLAII | C84: NERMINE | D84: 02. Production | E84: MOD | F84: Repos | G84: 0 | H84: =SUM(F84:F84)*24 -> 0 | I84: =SUM(F84:F84)*24 -> 0 | J84: 0 | K84: 0 | L84: =COUNTIF(F84:F84,"ABS") -> 0 | M84: =COUNTIF(F84:F84,"Congé") -> 0 | N84: =COUNTIF(F84:F84,"Férié") -> 0 | O84: =I84+J84+K84+(N84*8.5) -> 0 | P84: =IF(COUNTIF(F84:F84,"STC")>0,"STC",IF(IFERROR(ISNUMBER(SEARCH("!",F84)),FALSE),"À vérifier","OK")) -> OK
A85: 243 | B85: LABBEN | C85: FARAH | D85: 02. Production | E85: MOD | F85: Repos | G85: 0 | H85: =SUM(F85:F85)*24 -> 0 | I85: =SUM(F85:F85)*24 -> 0 | J85: 0 | K85: 0 | L85: =COUNTIF(F85:F85,"ABS") -> 0 | M85: =COUNTIF(F85:F85,"Congé") -> 0 | N85: =COUNTIF(F85:F85,"Férié") -> 0 | O85: =I85+J85+K85+(N85*8.5) -> 0 | P85: =IF(COUNTIF(F85:F85,"STC")>0,"STC",IF(IFERROR(ISNUMBER(SEARCH("!",F85)),FALSE),"À vérifier","OK")) -> OK
A86: 0176 | B86: LADJIMI | C86: BOCHRA | D86: 02. Production | E86: MOD | F86: Repos | G86: 0 | H86: =SUM(F86:F86)*24 -> 0 | I86: =SUM(F86:F86)*24 -> 0 | J86: 0 | K86: 0 | L86: =COUNTIF(F86:F86,"ABS") -> 0 | M86: =COUNTIF(F86:F86,"Congé") -> 0 | N86: =COUNTIF(F86:F86,"Férié") -> 0 | O86: =I86+J86+K86+(N86*8.5) -> 0 | P86: =IF(COUNTIF(F86:F86,"STC")>0,"STC",IF(IFERROR(ISNUMBER(SEARCH("!",F86)),FALSE),"À vérifier","OK")) -> OK
A87: 96 | B87: LADJIMI | C87: FRADJ | D87: 02. Production | E87: MOD | F87: Repos | G87: 0 | H87: =SUM(F87:F87)*24 -> 0 | I87: =SUM(F87:F87)*24 -> 0 | J87: 0 | K87: 0 | L87: =COUNTIF(F87:F87,"ABS") -> 0 | M87: =COUNTIF(F87:F87,"Congé") -> 0 | N87: =COUNTIF(F87:F87,"Férié") -> 0 | O87: =I87+J87+K87+(N87*8.5) -> 0 | P87: =IF(COUNTIF(F87:F87,"STC")>0,"STC",IF(IFERROR(ISNUMBER(SEARCH("!",F87)),FALSE),"À vérifier","OK")) -> OK
A88: 0067 | B88: LADJIMI | C88: MAROUEN | D88: 02. Production | E88: MOD | F88: Repos | G88: 0 | H88: =SUM(F88:F88)*24 -> 0 | I88: =SUM(F88:F88)*24 -> 0 | J88: 0 | K88: 0 | L88: =COUNTIF(F88:F88,"ABS") -> 0 | M88: =COUNTIF(F88:F88,"Congé") -> 0 | N88: =COUNTIF(F88:F88,"Férié") -> 0 | O88: =I88+J88+K88+(N88*8.5) -> 0 | P88: =IF(COUNTIF(F88:F88,"STC")>0,"STC",IF(IFERROR(ISNUMBER(SEARCH("!",F88)),FALSE),"À vérifier","OK")) -> OK
A89: 0196 | B89: LTAIEFA | C89: ILEF | D89: 02. Production | E89: MOD | F89: Repos | G89: 0 | H89: =SUM(F89:F89)*24 -> 0 | I89: =SUM(F89:F89)*24 -> 0 | J89: 0 | K89: 0 | L89: =COUNTIF(F89:F89,"ABS") -> 0 | M89: =COUNTIF(F89:F89,"Congé") -> 0 | N89: =COUNTIF(F89:F89,"Férié") -> 0 | O89: =I89+J89+K89+(N89*8.5) -> 0 | P89: =IF(COUNTIF(F89:F89,"STC")>0,"STC",IF(IFERROR(ISNUMBER(SEARCH("!",F89)),FALSE),"À vérifier","OK")) -> OK
A90: 0202 | B90: MABROUK | C90: FERIEL | D90: 02. Production | E90: MOD | F90: Repos | G90: 0 | H90: =SUM(F90:F90)*24 -> 0 | I90: =SUM(F90:F90)*24 -> 0 | J90: 0 | K90: 0 | L90: =COUNTIF(F90:F90,"ABS") -> 0 | M90: =COUNTIF(F90:F90,"Congé") -> 0 | N90: =COUNTIF(F90:F90,"Férié") -> 0 | O90: =I90+J90+K90+(N90*8.5) -> 0 | P90: =IF(COUNTIF(F90:F90,"STC")>0,"STC",IF(IFERROR(ISNUMBER(SEARCH("!",F90)),FALSE),"À vérifier","OK")) -> OK
A91: 0162 | B91: MAHJOUB | C91: ABDELAZIZ | D91: 02. Production | E91: MOD | F91: Repos | G91: 0 | H91: =SUM(F91:F91)*24 -> 0 | I91: =SUM(F91:F91)*24 -> 0 | J91: 0 | K91: 0 | L91: =COUNTIF(F91:F91,"ABS") -> 0 | M91: =COUNTIF(F91:F91,"Congé") -> 0 | N91: =COUNTIF(F91:F91,"Férié") -> 0 | O91: =I91+J91+K91+(N91*8.5) -> 0 | P91: =IF(COUNTIF(F91:F91,"STC")>0,"STC",IF(IFERROR(ISNUMBER(SEARCH("!",F91)),FALSE),"À vérifier","OK")) -> OK
A92: 0092 | B92: MANAI | C92: SARRA | D92: 02. Production | E92: MOD | F92: Repos | G92: 0 | H92: =SUM(F92:F92)*24 -> 0 | I92: =SUM(F92:F92)*24 -> 0 | J92: 0 | K92: 0 | L92: =COUNTIF(F92:F92,"ABS") -> 0 | M92: =COUNTIF(F92:F92,"Congé") -> 0 | N92: =COUNTIF(F92:F92,"Férié") -> 0 | O92: =I92+J92+K92+(N92*8.5) -> 0 | P92: =IF(COUNTIF(F92:F92,"STC")>0,"STC",IF(IFERROR(ISNUMBER(SEARCH("!",F92)),FALSE),"À vérifier","OK")) -> OK
A93: 0152 | B93: MANSOUR | C93: Nour | D93: 02. Production | E93: MOD | F93: Repos | G93: 0 | H93: =SUM(F93:F93)*24 -> 0 | I93: =SUM(F93:F93)*24 -> 0 | J93: 0 | K93: 0 | L93: =COUNTIF(F93:F93,"ABS") -> 0 | M93: =COUNTIF(F93:F93,"Congé") -> 0 | N93: =COUNTIF(F93:F93,"Férié") -> 0 | O93: =I93+J93+K93+(N93*8.5) -> 0 | P93: =IF(COUNTIF(F93:F93,"STC")>0,"STC",IF(IFERROR(ISNUMBER(SEARCH("!",F93)),FALSE),"À vérifier","OK")) -> OK
A94: 0208 | B94: MASOUD | C94: ISLEM | D94: 02. Production | E94: MOD | F94: Repos | G94: 0 | H94: =SUM(F94:F94)*24 -> 0 | I94: =SUM(F94:F94)*24 -> 0 | J94: 0 | K94: 0 | L94: =COUNTIF(F94:F94,"ABS") -> 0 | M94: =COUNTIF(F94:F94,"Congé") -> 0 | N94: =COUNTIF(F94:F94,"Férié") -> 0 | O94: =I94+J94+K94+(N94*8.5) -> 0 | P94: =IF(COUNTIF(F94:F94,"STC")>0,"STC",IF(IFERROR(ISNUMBER(SEARCH("!",F94)),FALSE),"À vérifier","OK")) -> OK
A95: 0172 | B95: MZOUGHI | C95: TASNIM | D95: 02. Production | E95: MOD | F95: Repos | G95: 0 | H95: =SUM(F95:F95)*24 -> 0 | I95: =SUM(F95:F95)*24 -> 0 | J95: 0 | K95: 0 | L95: =COUNTIF(F95:F95,"ABS") -> 0 | M95: =COUNTIF(F95:F95,"Congé") -> 0 | N95: =COUNTIF(F95:F95,"Férié") -> 0 | O95: =I95+J95+K95+(N95*8.5) -> 0 | P95: =IF(COUNTIF(F95:F95,"STC")>0,"STC",IF(IFERROR(ISNUMBER(SEARCH("!",F95)),FALSE),"À vérifier","OK")) -> OK
A96: 247 | B96: NASRALLI | C96: THOURAYA | D96: 02. Production | E96: MOD | F96: Repos | G96: 0 | H96: =SUM(F96:F96)*24 -> 0 | I96: =SUM(F96:F96)*24 -> 0 | J96: 0 | K96: 0 | L96: =COUNTIF(F96:F96,"ABS") -> 0 | M96: =COUNTIF(F96:F96,"Congé") -> 0 | N96: =COUNTIF(F96:F96,"Férié") -> 0 | O96: =I96+J96+K96+(N96*8.5) -> 0 | P96: =IF(COUNTIF(F96:F96,"STC")>0,"STC",IF(IFERROR(ISNUMBER(SEARCH("!",F96)),FALSE),"À vérifier","OK")) -> OK
A97: 0155 | B97: OUESLETI | C97: AMENI | D97: 02. Production | E97: MOD | F97: Repos | G97: 0 | H97: =SUM(F97:F97)*24 -> 0 | I97: =SUM(F97:F97)*24 -> 0 | J97: 0 | K97: 0 | L97: =COUNTIF(F97:F97,"ABS") -> 0 | M97: =COUNTIF(F97:F97,"Congé") -> 0 | N97: =COUNTIF(F97:F97,"Férié") -> 0 | O97: =I97+J97+K97+(N97*8.5) -> 0 | P97: =IF(COUNTIF(F97:F97,"STC")>0,"STC",IF(IFERROR(ISNUMBER(SEARCH("!",F97)),FALSE),"À vérifier","OK")) -> OK
A98: 242 | B98: REZGUI | C98: MAJED | D98: 02. Production | E98: MOD | F98: Repos | G98: 0 | H98: =SUM(F98:F98)*24 -> 0 | I98: =SUM(F98:F98)*24 -> 0 | J98: 0 | K98: 0 | L98: =COUNTIF(F98:F98,"ABS") -> 0 | M98: =COUNTIF(F98:F98,"Congé") -> 0 | N98: =COUNTIF(F98:F98,"Férié") -> 0 | O98: =I98+J98+K98+(N98*8.5) -> 0 | P98: =IF(COUNTIF(F98:F98,"STC")>0,"STC",IF(IFERROR(ISNUMBER(SEARCH("!",F98)),FALSE),"À vérifier","OK")) -> OK
A99: 94 | B99: RJEYBI | C99: AMAL | D99: 02. Production | E99: MOD | F99: Repos | G99: 0 | H99: =SUM(F99:F99)*24 -> 0 | I99: =SUM(F99:F99)*24 -> 0 | J99: 0 | K99: 0 | L99: =COUNTIF(F99:F99,"ABS") -> 0 | M99: =COUNTIF(F99:F99,"Congé") -> 0 | N99: =COUNTIF(F99:F99,"Férié") -> 0 | O99: =I99+J99+K99+(N99*8.5) -> 0 | P99: =IF(COUNTIF(F99:F99,"STC")>0,"STC",IF(IFERROR(ISNUMBER(SEARCH("!",F99)),FALSE),"À vérifier","OK")) -> OK
A100: 0113 | B100: ROUISSI | C100: EYA | D100: 02. Production | E100: MOD | F100: Repos | G100: 0 | H100: =SUM(F100:F100)*24 -> 0 | I100: =SUM(F100:F100)*24 -> 0 | J100: 0 | K100: 0 | L100: =COUNTIF(F100:F100,"ABS") -> 0 | M100: =COUNTIF(F100:F100,"Congé") -> 0 | N100: =COUNTIF(F100:F100,"Férié") -> 0 | O100: =I100+J100+K100+(N100*8.5) -> 0 | P100: =IF(COUNTIF(F100:F100,"STC")>0,"STC",IF(IFERROR(ISNUMBER(SEARCH("!",F100)),FALSE),"À vérifier","OK")) -> OK
...

Sheet S2_27_JUIL-02_AOUT
A1: S2 — 27/07 AU 02/08/2026 — STANDARD 48 H
A2: ID ZK | B2: Nom | C2: Prénom | D2: Département | E2: Catégorie MOI/MOD | F2: Lun. 27/07 | G2: Mar. 28/07 | H2: Mer. 29/07 | I2: Jeu. 30/07 | J2: Ven. 31/07 | K2: Sam. 01/08 | L2: Dim. 02/08 | M2: Heures standard (h) | N2: Travail total (h) | O2: Heures normales (h) | P2: HS 75% (h) | Q2: HS 100% (h) | R2: ABS | S2: Congé payé (j) — seulement « Congé » | T2: Jour férié (j) | U2: Total (h) | V2: Contrôle
A3: 50 | B3: CHOGHRANI | C3: HAYKEL | D3: 06. RH | E3: MOI | F3: 0.33333333 | G3: 0.33333333 | H3: 0.33333333 | I3: 0.3125 | J3: 0.41666667 | K3: repos | L3: repos | M3: =48 -> 48 | N3: =SUM(F3:L3)*24 -> 41.5 | O3: =IF(COUNTIF(PARAMETRES_REGIMES!$A$3:$A$100,$A3)>0,MIN(M3,SUM(F3:L3)*24),MIN(M3,SUM(F3:K3)*24)) -> 41.5 | P3: =IF(COUNTIF(PARAMETRES_REGIMES!$A$3:$A$100,$A3)>0,FLOOR(MAX(SUM(F3:L3)*24-M3,0),0.5),FLOOR(MAX(SUM(F3:K3)*24-M3,0),0.5)) -> 0 | Q3: =IF(COUNTIF(PARAMETRES_REGIMES!$A$3:$A$100,$A3)>0,0,IF(ISNUMBER(L3),FLOOR(MAX(L3*24,0),0.5),0)) -> 0 | R3: =COUNTIF(F3:L3,"ABS") -> 0 | S3: =COUNTIF(F3:L3,"Congé")+COUNTIF(F3:L3,"CSS")*0+COUNTIF(F3:L3,"CM")*0 -> 0 | T3: =COUNTIF(F3:L3,"Férié") -> 0 | U3: =O3+P3+Q3+(T3*8.5) -> 41.5 | V3: =IF(COUNTIF(F3:L3,"STC")>0,"STC",IF(OR(IFERROR(ISNUMBER(SEARCH("!",F3)),FALSE),IFERROR(ISNUMBER(SEARCH("!",G3)),FALSE),IFERROR(ISNUMBER(SEARCH("!",H3)),FALSE),IFERROR(ISNUMBER(SEARCH("!",I3)),FALSE),IFERROR(ISNUMBER(SEARCH("!",J3)),FALSE),IFERROR(ISNUMBER(SEARCH("!",K3)),FALSE),IFERROR(ISNUMBER(SEARCH("!",L3)),FALSE)),"À vérifier","OK")) -> OK
A4: 53 | B4: ALLEGUI | C4: AMEL | D4: 02. Production | E4: MOD | F4: ABS | G4: 0.3125 | H4: 0.39583333 | I4: 0.39583333 | J4: 0.375 | K4: repos | L4: repos | M4: =48 -> 48 | N4: =SUM(F4:L4)*24 -> 35.5 | O4: =IF(COUNTIF(PARAMETRES_REGIMES!$A$3:$A$100,$A4)>0,MIN(M4,SUM(F4:L4)*24),MIN(M4,SUM(F4:K4)*24)) -> 35.5 | P4: =IF(COUNTIF(PARAMETRES_REGIMES!$A$3:$A$100,$A4)>0,FLOOR(MAX(SUM(F4:L4)*24-M4,0),0.5),FLOOR(MAX(SUM(F4:K4)*24-M4,0),0.5)) -> 0 | Q4: =IF(COUNTIF(PARAMETRES_REGIMES!$A$3:$A$100,$A4)>0,0,IF(ISNUMBER(L4),FLOOR(MAX(L4*24,0),0.5),0)) -> 0 | R4: =COUNTIF(F4:L4,"ABS") -> 1 | S4: =COUNTIF(F4:L4,"Congé")+COUNTIF(F4:L4,"CSS")*0+COUNTIF(F4:L4,"CM")*0 -> 0 | T4: =COUNTIF(F4:L4,"Férié") -> 0 | U4: =O4+P4+Q4+(T4*8.5) -> 35.5 | V4: =IF(COUNTIF(F4:L4,"STC")>0,"STC",IF(OR(IFERROR(ISNUMBER(SEARCH("!",F4)),FALSE),IFERROR(ISNUMBER(SEARCH("!",G4)),FALSE),IFERROR(ISNUMBER(SEARCH("!",H4)),FALSE),IFERROR(ISNUMBER(SEARCH("!",I4)),FALSE),IFERROR(ISNUMBER(SEARCH("!",J4)),FALSE),IFERROR(ISNUMBER(SEARCH("!",K4)),FALSE),IFERROR(ISNUMBER(SEARCH("!",L4)),FALSE)),"À vérifier","OK")) -> OK
A5: 70 | B5: BRAHIM | C5: HAMDI | D5: 06. RH | E5: MOI | F5: 0.33333333 | G5: 0.33333333 | H5: 0.33333333 | I5: 0.33333333 | J5: 0.33333333 | K5: repos | L5: repos | M5: =48 -> 48 | N5: =SUM(F5:L5)*24 -> 40 | O5: =IF(COUNTIF(PARAMETRES_REGIMES!$A$3:$A$100,$A5)>0,MIN(M5,SUM(F5:L5)*24),MIN(M5,SUM(F5:K5)*24)) -> 40 | P5: =IF(COUNTIF(PARAMETRES_REGIMES!$A$3:$A$100,$A5)>0,FLOOR(MAX(SUM(F5:L5)*24-M5,0),0.5),FLOOR(MAX(SUM(F5:K5)*24-M5,0),0.5)) -> 0 | Q5: =IF(COUNTIF(PARAMETRES_REGIMES!$A$3:$A$100,$A5)>0,0,IF(ISNUMBER(L5),FLOOR(MAX(L5*24,0),0.5),0)) -> 0 | R5: =COUNTIF(F5:L5,"ABS") -> 0 | S5: =COUNTIF(F5:L5,"Congé")+COUNTIF(F5:L5,"CSS")*0+COUNTIF(F5:L5,"CM")*0 -> 0 | T5: =COUNTIF(F5:L5,"Férié") -> 0 | U5: =O5+P5+Q5+(T5*8.5) -> 40 | V5: =IF(COUNTIF(F5:L5,"STC")>0,"STC",IF(OR(IFERROR(ISNUMBER(SEARCH("!",F5)),FALSE),IFERROR(ISNUMBER(SEARCH("!",G5)),FALSE),IFERROR(ISNUMBER(SEARCH("!",H5)),FALSE),IFERROR(ISNUMBER(SEARCH("!",I5)),FALSE),IFERROR(ISNUMBER(SEARCH("!",J5)),FALSE),IFERROR(ISNUMBER(SEARCH("!",K5)),FALSE),IFERROR(ISNUMBER(SEARCH("!",L5)),FALSE)),"À vérifier","OK")) -> OK
A6: 71 | B6: AZZEBI | C6: ATEF | D6: 06. RH | E6: MOI | F6: 0.33333333 | G6: 0.33333333 | H6: Repos | I6: 0.33333333 | J6: 0.33333333 | K6: repos | L6: repos | M6: =48 -> 48 | N6: =SUM(F6:L6)*24 -> 32 | O6: =IF(COUNTIF(PARAMETRES_REGIMES!$A$3:$A$100,$A6)>0,MIN(M6,SUM(F6:L6)*24),MIN(M6,SUM(F6:K6)*24)) -> 32 | P6: =IF(COUNTIF(PARAMETRES_REGIMES!$A$3:$A$100,$A6)>0,FLOOR(MAX(SUM(F6:L6)*24-M6,0),0.5),FLOOR(MAX(SUM(F6:K6)*24-M6,0),0.5)) -> 0 | Q6: =IF(COUNTIF(PARAMETRES_REGIMES!$A$3:$A$100,$A6)>0,0,IF(ISNUMBER(L6),FLOOR(MAX(L6*24,0),0.5),0)) -> 0 | R6: =COUNTIF(F6:L6,"ABS") -> 0 | S6: =COUNTIF(F6:L6,"Congé")+COUNTIF(F6:L6,"CSS")*0+COUNTIF(F6:L6,"CM")*0 -> 0 | T6: =COUNTIF(F6:L6,"Férié") -> 0 | U6: =O6+P6+Q6+(T6*8.5) -> 32 | V6: =IF(COUNTIF(F6:L6,"STC")>0,"STC",IF(OR(IFERROR(ISNUMBER(SEARCH("!",F6)),FALSE),IFERROR(ISNUMBER(SEARCH("!",G6)),FALSE),IFERROR(ISNUMBER(SEARCH("!",H6)),FALSE),IFERROR(ISNUMBER(SEARCH("!",I6)),FALSE),IFERROR(ISNUMBER(SEARCH("!",J6)),FALSE),IFERROR(ISNUMBER(SEARCH("!",K6)),FALSE),IFERROR(ISNUMBER(SEARCH("!",L6)),FALSE)),"À vérifier","OK")) -> OK
A7: 89 | B7: MANNAI | C7: SAMI | D7: 04. Maintenance | E7: MOD | F7: 0.3125 | G7: 0.33333333 | H7: 0.39583333 | I7: 0.39583333 | J7: 0.39583333 | K7: repos | L7: repos | M7: =48 -> 48 | N7: =SUM(F7:L7)*24 -> 44 | O7: =IF(COUNTIF(PARAMETRES_REGIMES!$A$3:$A$100,$A7)>0,MIN(M7,SUM(F7:L7)*24),MIN(M7,SUM(F7:K7)*24)) -> 44 | P7: =IF(COUNTIF(PARAMETRES_REGIMES!$A$3:$A$100,$A7)>0,FLOOR(MAX(SUM(F7:L7)*24-M7,0),0.5),FLOOR(MAX(SUM(F7:K7)*24-M7,0),0.5)) -> 0 | Q7: =IF(COUNTIF(PARAMETRES_REGIMES!$A$3:$A$100,$A7)>0,0,IF(ISNUMBER(L7),FLOOR(MAX(L7*24,0),0.5),0)) -> 0 | R7: =COUNTIF(F7:L7,"ABS") -> 0 | S7: =COUNTIF(F7:L7,"Congé")+COUNTIF(F7:L7,"CSS")*0+COUNTIF(F7:L7,"CM")*0 -> 0 | T7: =COUNTIF(F7:L7,"Férié") -> 0 | U7: =O7+P7+Q7+(T7*8.5) -> 44 | V7: =IF(COUNTIF(F7:L7,"STC")>0,"STC",IF(OR(IFERROR(ISNUMBER(SEARCH("!",F7)),FALSE),IFERROR(ISNUMBER(SEARCH("!",G7)),FALSE),IFERROR(ISNUMBER(SEARCH("!",H7)),FALSE),IFERROR(ISNUMBER(SEARCH("!",I7)),FALSE),IFERROR(ISNUMBER(SEARCH("!",J7)),FALSE),IFERROR(ISNUMBER(SEARCH("!",K7)),FALSE),IFERROR(ISNUMBER(SEARCH("!",L7)),FALSE)),"À vérifier","OK")) -> OK
A8: 94 | B8: RJEYBI | C8: AMAL | D8: 02. Production | E8: MOD | F8: 0.3125 | G8: 0.3125 | H8: 0.39583333 | I8: ABS | J8: 0.33333333 | K8: repos | L8: repos | M8: =48 -> 48 | N8: =SUM(F8:L8)*24 -> 32.5 | O8: =IF(COUNTIF(PARAMETRES_REGIMES!$A$3:$A$100,$A8)>0,MIN(M8,SUM(F8:L8)*24),MIN(M8,SUM(F8:K8)*24)) -> 32.5 | P8: =IF(COUNTIF(PARAMETRES_REGIMES!$A$3:$A$100,$A8)>0,FLOOR(MAX(SUM(F8:L8)*24-M8,0),0.5),FLOOR(MAX(SUM(F8:K8)*24-M8,0),0.5)) -> 0 | Q8: =IF(COUNTIF(PARAMETRES_REGIMES!$A$3:$A$100,$A8)>0,0,IF(ISNUMBER(L8),FLOOR(MAX(L8*24,0),0.5),0)) -> 0 | R8: =COUNTIF(F8:L8,"ABS") -> 1 | S8: =COUNTIF(F8:L8,"Congé")+COUNTIF(F8:L8,"CSS")*0+COUNTIF(F8:L8,"CM")*0 -> 0 | T8: =COUNTIF(F8:L8,"Férié") -> 0 | U8: =O8+P8+Q8+(T8*8.5) -> 32.5 | V8: =IF(COUNTIF(F8:L8,"STC")>0,"STC",IF(OR(IFERROR(ISNUMBER(SEARCH("!",F8)),FALSE),IFERROR(ISNUMBER(SEARCH("!",G8)),FALSE),IFERROR(ISNUMBER(SEARCH("!",H8)),FALSE),IFERROR(ISNUMBER(SEARCH("!",I8)),FALSE),IFERROR(ISNUMBER(SEARCH("!",J8)),FALSE),IFERROR(ISNUMBER(SEARCH("!",K8)),FALSE),IFERROR(ISNUMBER(SEARCH("!",L8)),FALSE)),"À vérifier","OK")) -> OK
A9: 96 | B9: LADJIMI | C9: FRADJ | D9: 02. Production | E9: MOD | F9: 0.39583333 | G9: ABS | H9: 0.3125 | I9: 0.39583333 | J9: 0.39583333 | K9: repos | L9: repos | M9: =48 -> 48 | N9: =SUM(F9:L9)*24 -> 36 | O9: =IF(COUNTIF(PARAMETRES_REGIMES!$A$3:$A$100,$A9)>0,MIN(M9,SUM(F9:L9)*24),MIN(M9,SUM(F9:K9)*24)) -> 36 | P9: =IF(COUNTIF(PARAMETRES_REGIMES!$A$3:$A$100,$A9)>0,FLOOR(MAX(SUM(F9:L9)*24-M9,0),0.5),FLOOR(MAX(SUM(F9:K9)*24-M9,0),0.5)) -> 0 | Q9: =IF(COUNTIF(PARAMETRES_REGIMES!$A$3:$A$100,$A9)>0,0,IF(ISNUMBER(L9),FLOOR(MAX(L9*24,0),0.5),0)) -> 0 | R9: =COUNTIF(F9:L9,"ABS") -> 1 | S9: =COUNTIF(F9:L9,"Congé")+COUNTIF(F9:L9,"CSS")*0+COUNTIF(F9:L9,"CM")*0 -> 0 | T9: =COUNTIF(F9:L9,"Férié") -> 0 | U9: =O9+P9+Q9+(T9*8.5) -> 36 | V9: =IF(COUNTIF(F9:L9,"STC")>0,"STC",IF(OR(IFERROR(ISNUMBER(SEARCH("!",F9)),FALSE),IFERROR(ISNUMBER(SEARCH("!",G9)),FALSE),IFERROR(ISNUMBER(SEARCH("!",H9)),FALSE),IFERROR(ISNUMBER(SEARCH("!",I9)),FALSE),IFERROR(ISNUMBER(SEARCH("!",J9)),FALSE),IFERROR(ISNUMBER(SEARCH("!",K9)),FALSE),IFERROR(ISNUMBER(SEARCH("!",L9)),FALSE)),"À vérifier","OK")) -> OK
A10: 97 | B10: KHEDHER | C10: SALEM | D10: 04. Maintenance | E10: MOI | F10: ABS | G10: ABS | H10: ABS | I10: 0.39583333 | J10: ABS | K10: repos | L10: repos | M10: =48 -> 48 | N10: =SUM(F10:L10)*24 -> 9.5 | O10: =IF(COUNTIF(PARAMETRES_REGIMES!$A$3:$A$100,$A10)>0,MIN(M10,SUM(F10:L10)*24),MIN(M10,SUM(F10:K10)*24)) -> 9.5 | P10: =IF(COUNTIF(PARAMETRES_REGIMES!$A$3:$A$100,$A10)>0,FLOOR(MAX(SUM(F10:L10)*24-M10,0),0.5),FLOOR(MAX(SUM(F10:K10)*24-M10,0),0.5)) -> 0 | Q10: =IF(COUNTIF(PARAMETRES_REGIMES!$A$3:$A$100,$A10)>0,0,IF(ISNUMBER(L10),FLOOR(MAX(L10*24,0),0.5),0)) -> 0 | R10: =COUNTIF(F10:L10,"ABS") -> 4 | S10: =COUNTIF(F10:L10,"Congé")+COUNTIF(F10:L10,"CSS")*0+COUNTIF(F10:L10,"CM")*0 -> 0 | T10: =COUNTIF(F10:L10,"Férié") -> 0 | U10: =O10+P10+Q10+(T10*8.5) -> 9.5 | V10: =IF(COUNTIF(F10:L10,"STC")>0,"STC",IF(OR(IFERROR(ISNUMBER(SEARCH("!",F10)),FALSE),IFERROR(ISNUMBER(SEARCH("!",G10)),FALSE),IFERROR(ISNUMBER(SEARCH("!",H10)),FALSE),IFERROR(ISNUMBER(SEARCH("!",I10)),FALSE),IFERROR(ISNUMBER(SEARCH("!",J10)),FALSE),IFERROR(ISNUMBER(SEARCH("!",K10)),FALSE),IFERROR(ISNUMBER(SEARCH("!",L10)),FALSE)),"À vérifier","OK")) -> OK
A11: 118 | B11: KHMISSI | C11: ASMA | D11: 02. Production | E11: MOD | F11: 0.3125 | G11: 0.3125 | H11: 0.39583333 | I11: 0.375 | J11: 0.39583333 | K11: repos | L11: repos | M11: =48 -> 48 | N11: =SUM(F11:L11)*24 -> 43 | O11: =IF(COUNTIF(PARAMETRES_REGIMES!$A$3:$A$100,$A11)>0,MIN(M11,SUM(F11:L11)*24),MIN(M11,SUM(F11:K11)*24)) -> 43 | P11: =IF(COUNTIF(PARAMETRES_REGIMES!$A$3:$A$100,$A11)>0,FLOOR(MAX(SUM(F11:L11)*24-M11,0),0.5),FLOOR(MAX(SUM(F11:K11)*24-M11,0),0.5)) -> 0 | Q11: =IF(COUNTIF(PARAMETRES_REGIMES!$A$3:$A$100,$A11)>0,0,IF(ISNUMBER(L11),FLOOR(MAX(L11*24,0),0.5),0)) -> 0 | R11: =COUNTIF(F11:L11,"ABS") -> 0 | S11: =COUNTIF(F11:L11,"Congé")+COUNTIF(F11:L11,"CSS")*0+COUNTIF(F11:L11,"CM")*0 -> 0 | T11: =COUNTIF(F11:L11,"Férié") -> 0 | U11: =O11+P11+Q11+(T11*8.5) -> 43 | V11: =IF(COUNTIF(F11:L11,"STC")>0,"STC",IF(OR(IFERROR(ISNUMBER(SEARCH("!",F11)),FALSE),IFERROR(ISNUMBER(SEARCH("!",G11)),FALSE),IFERROR(ISNUMBER(SEARCH("!",H11)),FALSE),IFERROR(ISNUMBER(SEARCH("!",I11)),FALSE),IFERROR(ISNUMBER(SEARCH("!",J11)),FALSE),IFERROR(ISNUMBER(SEARCH("!",K11)),FALSE),IFERROR(ISNUMBER(SEARCH("!",L11)),FALSE)),"À vérifier","OK")) -> OK
A12: 124 | B12: AKKARI | C12: FAROUK | D12: 02. Production | E12: MOI | F12: 0.375 | G12: 0.39583333 | H12: 0.39583333 | I12: 0.39583333 | J12: 0.35416667 | K12: repos | L12: repos | M12: =48 -> 48 | N12: =SUM(F12:L12)*24 -> 46 | O12: =IF(COUNTIF(PARAMETRES_REGIMES!$A$3:$A$100,$A12)>0,MIN(M12,SUM(F12:L12)*24),MIN(M12,SUM(F12:K12)*24)) -> 46 | P12: =IF(COUNTIF(PARAMETRES_REGIMES!$A$3:$A$100,$A12)>0,FLOOR(MAX(SUM(F12:L12)*24-M12,0),0.5),FLOOR(MAX(SUM(F12:K12)*24-M12,0),0.5)) -> 0 | Q12: =IF(COUNTIF(PARAMETRES_REGIMES!$A$3:$A$100,$A12)>0,0,IF(ISNUMBER(L12),FLOOR(MAX(L12*24,0),0.5),0)) -> 0 | R12: =COUNTIF(F12:L12,"ABS") -> 0 | S12: =COUNTIF(F12:L12,"Congé")+COUNTIF(F12:L12,"CSS")*0+COUNTIF(F12:L12,"CM")*0 -> 0 | T12: =COUNTIF(F12:L12,"Férié") -> 0 | U12: =O12+P12+Q12+(T12*8.5) -> 46 | V12: =IF(COUNTIF(F12:L12,"STC")>0,"STC",IF(OR(IFERROR(ISNUMBER(SEARCH("!",F12)),FALSE),IFERROR(ISNUMBER(SEARCH("!",G12)),FALSE),IFERROR(ISNUMBER(SEARCH("!",H12)),FALSE),IFERROR(ISNUMBER(SEARCH("!",I12)),FALSE),IFERROR(ISNUMBER(SEARCH("!",J12)),FALSE),IFERROR(ISNUMBER(SEARCH("!",K12)),FALSE),IFERROR(ISNUMBER(SEARCH("!",L12)),FALSE)),"À vérifier","OK")) -> OK
A13: 132 | B13: GHARSALLAH | C13: RAWYA | D13: 03. Qualité | E13: MOI | F13: 0.39583333 | G13: ABS | H13: 0.39583333 | I13: 0.39583333 | J13: ABS | K13: repos | L13: repos | M13: =48 -> 48 | N13: =SUM(F13:L13)*24 -> 28.5 | O13: =IF(COUNTIF(PARAMETRES_REGIMES!$A$3:$A$100,$A13)>0,MIN(M13,SUM(F13:L13)*24),MIN(M13,SUM(F13:K13)*24)) -> 28.5 | P13: =IF(COUNTIF(PARAMETRES_REGIMES!$A$3:$A$100,$A13)>0,FLOOR(MAX(SUM(F13:L13)*24-M13,0),0.5),FLOOR(MAX(SUM(F13:K13)*24-M13,0),0.5)) -> 0 | Q13: =IF(COUNTIF(PARAMETRES_REGIMES!$A$3:$A$100,$A13)>0,0,IF(ISNUMBER(L13),FLOOR(MAX(L13*24,0),0.5),0)) -> 0 | R13: =COUNTIF(F13:L13,"ABS") -> 2 | S13: =COUNTIF(F13:L13,"Congé")+COUNTIF(F13:L13,"CSS")*0+COUNTIF(F13:L13,"CM")*0 -> 0 | T13: =COUNTIF(F13:L13,"Férié") -> 0 | U13: =O13+P13+Q13+(T13*8.5) -> 28.5 | V13: =IF(COUNTIF(F13:L13,"STC")>0,"STC",IF(OR(IFERROR(ISNUMBER(SEARCH("!",F13)),FALSE),IFERROR(ISNUMBER(SEARCH("!",G13)),FALSE),IFERROR(ISNUMBER(SEARCH("!",H13)),FALSE),IFERROR(ISNUMBER(SEARCH("!",I13)),FALSE),IFERROR(ISNUMBER(SEARCH("!",J13)),FALSE),IFERROR(ISNUMBER(SEARCH("!",K13)),FALSE),IFERROR(ISNUMBER(SEARCH("!",L13)),FALSE)),"À vérifier","OK")) -> OK
A14: 135 | B14: ABID | C14: KHMAIS | D14: 06. RH | E14: MOI | F14: 0.3125 | G14: 0.3125 | H14: 0.3125 | I14: 0.3125 | J14: ABS | K14: repos | L14: repos | M14: =48 -> 48 | N14: =SUM(F14:L14)*24 -> 30 | O14: =IF(COUNTIF(PARAMETRES_REGIMES!$A$3:$A$100,$A14)>0,MIN(M14,SUM(F14:L14)*24),MIN(M14,SUM(F14:K14)*24)) -> 30 | P14: =IF(COUNTIF(PARAMETRES_REGIMES!$A$3:$A$100,$A14)>0,FLOOR(MAX(SUM(F14:L14)*24-M14,0),0.5),FLOOR(MAX(SUM(F14:K14)*24-M14,0),0.5)) -> 0 | Q14: =IF(COUNTIF(PARAMETRES_REGIMES!$A$3:$A$100,$A14)>0,0,IF(ISNUMBER(L14),FLOOR(MAX(L14*24,0),0.5),0)) -> 0 | R14: =COUNTIF(F14:L14,"ABS") -> 1 | S14: =COUNTIF(F14:L14,"Congé")+COUNTIF(F14:L14,"CSS")*0+COUNTIF(F14:L14,"CM")*0 -> 0 | T14: =COUNTIF(F14:L14,"Férié") -> 0 | U14: =O14+P14+Q14+(T14*8.5) -> 30 | V14: =IF(COUNTIF(F14:L14,"STC")>0,"STC",IF(OR(IFERROR(ISNUMBER(SEARCH("!",F14)),FALSE),IFERROR(ISNUMBER(SEARCH("!",G14)),FALSE),IFERROR(ISNUMBER(SEARCH("!",H14)),FALSE),IFERROR(ISNUMBER(SEARCH("!",I14)),FALSE),IFERROR(ISNUMBER(SEARCH("!",J14)),FALSE),IFERROR(ISNUMBER(SEARCH("!",K14)),FALSE),IFERROR(ISNUMBER(SEARCH("!",L14)),FALSE)),"À vérifier","OK")) -> OK
A15: 158 | B15: SEHLI | C15: EYA | D15: 03. Qualité | E15: MOI | F15: 0.22916667 | G15: 0.39583333 | H15: 0.39583333 | I15: 0.39583333 | J15: 0.39583333 | K15: repos | L15: repos | M15: =48 -> 48 | N15: =SUM(F15:L15)*24 -> 43.5 | O15: =IF(COUNTIF(PARAMETRES_REGIMES!$A$3:$A$100,$A15)>0,MIN(M15,SUM(F15:L15)*24),MIN(M15,SUM(F15:K15)*24)) -> 43.5 | P15: =IF(COUNTIF(PARAMETRES_REGIMES!$A$3:$A$100,$A15)>0,FLOOR(MAX(SUM(F15:L15)*24-M15,0),0.5),FLOOR(MAX(SUM(F15:K15)*24-M15,0),0.5)) -> 0 | Q15: =IF(COUNTIF(PARAMETRES_REGIMES!$A$3:$A$100,$A15)>0,0,IF(ISNUMBER(L15),FLOOR(MAX(L15*24,0),0.5),0)) -> 0 | R15: =COUNTIF(F15:L15,"ABS") -> 0 | S15: =COUNTIF(F15:L15,"Congé")+COUNTIF(F15:L15,"CSS")*0+COUNTIF(F15:L15,"CM")*0 -> 0 | T15: =COUNTIF(F15:L15,"Férié") -> 0 | U15: =O15+P15+Q15+(T15*8.5) -> 43.5 | V15: =IF(COUNTIF(F15:L15,"STC")>0,"STC",IF(OR(IFERROR(ISNUMBER(SEARCH("!",F15)),FALSE),IFERROR(ISNUMBER(SEARCH("!",G15)),FALSE),IFERROR(ISNUMBER(SEARCH("!",H15)),FALSE),IFERROR(ISNUMBER(SEARCH("!",I15)),FALSE),IFERROR(ISNUMBER(SEARCH("!",J15)),FALSE),IFERROR(ISNUMBER(SEARCH("!",K15)),FALSE),IFERROR(ISNUMBER(SEARCH("!",L15)),FALSE)),"À vérifier","OK")) -> OK
A16: 163 | B16: BOUYATTAY | C16: SENDA | D16: 02. Production | E16: MOD | F16: 0.39583333 | G16: 0.39583333 | H16: 0.39583333 | I16: 0.39583333 | J16: 0.39583333 | K16: repos | L16: repos | M16: =48 -> 48 | N16: =SUM(F16:L16)*24 -> 47.5 | O16: =IF(COUNTIF(PARAMETRES_REGIMES!$A$3:$A$100,$A16)>0,MIN(M16,SUM(F16:L16)*24),MIN(M16,SUM(F16:K16)*24)) -> 47.5 | P16: =IF(COUNTIF(PARAMETRES_REGIMES!$A$3:$A$100,$A16)>0,FLOOR(MAX(SUM(F16:L16)*24-M16,0),0.5),FLOOR(MAX(SUM(F16:K16)*24-M16,0),0.5)) -> 0 | Q16: =IF(COUNTIF(PARAMETRES_REGIMES!$A$3:$A$100,$A16)>0,0,IF(ISNUMBER(L16),FLOOR(MAX(L16*24,0),0.5),0)) -> 0 | R16: =COUNTIF(F16:L16,"ABS") -> 0 | S16: =COUNTIF(F16:L16,"Congé")+COUNTIF(F16:L16,"CSS")*0+COUNTIF(F16:L16,"CM")*0 -> 0 | T16: =COUNTIF(F16:L16,"Férié") -> 0 | U16: =O16+P16+Q16+(T16*8.5) -> 47.5 | V16: =IF(COUNTIF(F16:L16,"STC")>0,"STC",IF(OR(IFERROR(ISNUMBER(SEARCH("!",F16)),FALSE),IFERROR(ISNUMBER(SEARCH("!",G16)),FALSE),IFERROR(ISNUMBER(SEARCH("!",H16)),FALSE),IFERROR(ISNUMBER(SEARCH("!",I16)),FALSE),IFERROR(ISNUMBER(SEARCH("!",J16)),FALSE),IFERROR(ISNUMBER(SEARCH("!",K16)),FALSE),IFERROR(ISNUMBER(SEARCH("!",L16)),FALSE)),"À vérifier","OK")) -> OK
A17: 166 | B17: GUEZMIL | C17: DOUAA | D17: 02. Production | E17: MOD | F17: 0.39583333 | G17: 0.39583333 | H17: 0.39583333 | I17: 0.39583333 | J17: 0.39583333 | K17: repos | L17: repos | M17: =48 -> 48 | N17: =SUM(F17:L17)*24 -> 47.5 | O17: =IF(COUNTIF(PARAMETRES_REGIMES!$A$3:$A$100,$A17)>0,MIN(M17,SUM(F17:L17)*24),MIN(M17,SUM(F17:K17)*24)) -> 47.5 | P17: =IF(COUNTIF(PARAMETRES_REGIMES!$A$3:$A$100,$A17)>0,FLOOR(MAX(SUM(F17:L17)*24-M17,0),0.5),FLOOR(MAX(SUM(F17:K17)*24-M17,0),0.5)) -> 0 | Q17: =IF(COUNTIF(PARAMETRES_REGIMES!$A$3:$A$100,$A17)>0,0,IF(ISNUMBER(L17),FLOOR(MAX(L17*24,0),0.5),0)) -> 0 | R17: =COUNTIF(F17:L17,"ABS") -> 0 | S17: =COUNTIF(F17:L17,"Congé")+COUNTIF(F17:L17,"CSS")*0+COUNTIF(F17:L17,"CM")*0 -> 0 | T17: =COUNTIF(F17:L17,"Férié") -> 0 | U17: =O17+P17+Q17+(T17*8.5) -> 47.5 | V17: =IF(COUNTIF(F17:L17,"STC")>0,"STC",IF(OR(IFERROR(ISNUMBER(SEARCH("!",F17)),FALSE),IFERROR(ISNUMBER(SEARCH("!",G17)),FALSE),IFERROR(ISNUMBER(SEARCH("!",H17)),FALSE),IFERROR(ISNUMBER(SEARCH("!",I17)),FALSE),IFERROR(ISNUMBER(SEARCH("!",J17)),FALSE),IFERROR(ISNUMBER(SEARCH("!",K17)),FALSE),IFERROR(ISNUMBER(SEARCH("!",L17)),FALSE)),"À vérifier","OK")) -> OK
A18: 169 | B18: EDWENI | C18: ONS | D18: 02. Production | E18: MOD | F18: ABS | G18: 0.3125 | H18: 0.39583333 | I18: 0.39583333 | J18: 0.39583333 | K18: repos | L18: repos | M18: =48 -> 48 | N18: =SUM(F18:L18)*24 -> 36 | O18: =IF(COUNTIF(PARAMETRES_REGIMES!$A$3:$A$100,$A18)>0,MIN(M18,SUM(F18:L18)*24),MIN(M18,SUM(F18:K18)*24)) -> 36 | P18: =IF(COUNTIF(PARAMETRES_REGIMES!$A$3:$A$100,$A18)>0,FLOOR(MAX(SUM(F18:L18)*24-M18,0),0.5),FLOOR(MAX(SUM(F18:K18)*24-M18,0),0.5)) -> 0 | Q18: =IF(COUNTIF(PARAMETRES_REGIMES!$A$3:$A$100,$A18)>0,0,IF(ISNUMBER(L18),FLOOR(MAX(L18*24,0),0.5),0)) -> 0 | R18: =COUNTIF(F18:L18,"ABS") -> 1 | S18: =COUNTIF(F18:L18,"Congé")+COUNTIF(F18:L18,"CSS")*0+COUNTIF(F18:L18,"CM")*0 -> 0 | T18: =COUNTIF(F18:L18,"Férié") -> 0 | U18: =O18+P18+Q18+(T18*8.5) -> 36 | V18: =IF(COUNTIF(F18:L18,"STC")>0,"STC",IF(OR(IFERROR(ISNUMBER(SEARCH("!",F18)),FALSE),IFERROR(ISNUMBER(SEARCH("!",G18)),FALSE),IFERROR(ISNUMBER(SEARCH("!",H18)),FALSE),IFERROR(ISNUMBER(SEARCH("!",I18)),FALSE),IFERROR(ISNUMBER(SEARCH("!",J18)),FALSE),IFERROR(ISNUMBER(SEARCH("!",K18)),FALSE),IFERROR(ISNUMBER(SEARCH("!",L18)),FALSE)),"À vérifier","OK")) -> OK
A19: 174 | B19: HAMAD | C19: MOURAD | D19: 03. Qualité | E19: MOI | F19: 0.39583333 | G19: 0.39583333 | H19: 0.39583333 | I19: 0.39583333 | J19: 0.39583333 | K19: repos | L19: repos | M19: =48 -> 48 | N19: =SUM(F19:L19)*24 -> 47.5 | O19: =IF(COUNTIF(PARAMETRES_REGIMES!$A$3:$A$100,$A19)>0,MIN(M19,SUM(F19:L19)*24),MIN(M19,SUM(F19:K19)*24)) -> 47.5 | P19: =IF(COUNTIF(PARAMETRES_REGIMES!$A$3:$A$100,$A19)>0,FLOOR(MAX(SUM(F19:L19)*24-M19,0),0.5),FLOOR(MAX(SUM(F19:K19)*24-M19,0),0.5)) -> 0 | Q19: =IF(COUNTIF(PARAMETRES_REGIMES!$A$3:$A$100,$A19)>0,0,IF(ISNUMBER(L19),FLOOR(MAX(L19*24,0),0.5),0)) -> 0 | R19: =COUNTIF(F19:L19,"ABS") -> 0 | S19: =COUNTIF(F19:L19,"Congé")+COUNTIF(F19:L19,"CSS")*0+COUNTIF(F19:L19,"CM")*0 -> 0 | T19: =COUNTIF(F19:L19,"Férié") -> 0 | U19: =O19+P19+Q19+(T19*8.5) -> 47.5 | V19: =IF(COUNTIF(F19:L19,"STC")>0,"STC",IF(OR(IFERROR(ISNUMBER(SEARCH("!",F19)),FALSE),IFERROR(ISNUMBER(SEARCH("!",G19)),FALSE),IFERROR(ISNUMBER(SEARCH("!",H19)),FALSE),IFERROR(ISNUMBER(SEARCH("!",I19)),FALSE),IFERROR(ISNUMBER(SEARCH("!",J19)),FALSE),IFERROR(ISNUMBER(SEARCH("!",K19)),FALSE),IFERROR(ISNUMBER(SEARCH("!",L19)),FALSE)),"À vérifier","OK")) -> OK
A20: 177 | B20: BESSWA | C20: YASMINE | D20: 02. Production | E20: MOD | F20: 0.39583333 | G20: ABS | H20: ABS | I20: 0.3125 | J20: 0.39583333 | K20: repos | L20: repos | M20: =48 -> 48 | N20: =SUM(F20:L20)*24 -> 26.5 | O20: =IF(COUNTIF(PARAMETRES_REGIMES!$A$3:$A$100,$A20)>0,MIN(M20,SUM(F20:L20)*24),MIN(M20,SUM(F20:K20)*24)) -> 26.5 | P20: =IF(COUNTIF(PARAMETRES_REGIMES!$A$3:$A$100,$A20)>0,FLOOR(MAX(SUM(F20:L20)*24-M20,0),0.5),FLOOR(MAX(SUM(F20:K20)*24-M20,0),0.5)) -> 0 | Q20: =IF(COUNTIF(PARAMETRES_REGIMES!$A$3:$A$100,$A20)>0,0,IF(ISNUMBER(L20),FLOOR(MAX(L20*24,0),0.5),0)) -> 0 | R20: =COUNTIF(F20:L20,"ABS") -> 2 | S20: =COUNTIF(F20:L20,"Congé")+COUNTIF(F20:L20,"CSS")*0+COUNTIF(F20:L20,"CM")*0 -> 0 | T20: =COUNTIF(F20:L20,"Férié") -> 0 | U20: =O20+P20+Q20+(T20*8.5) -> 26.5 | V20: =IF(COUNTIF(F20:L20,"STC")>0,"STC",IF(OR(IFERROR(ISNUMBER(SEARCH("!",F20)),FALSE),IFERROR(ISNUMBER(SEARCH("!",G20)),FALSE),IFERROR(ISNUMBER(SEARCH("!",H20)),FALSE),IFERROR(ISNUMBER(SEARCH("!",I20)),FALSE),IFERROR(ISNUMBER(SEARCH("!",J20)),FALSE),IFERROR(ISNUMBER(SEARCH("!",K20)),FALSE),IFERROR(ISNUMBER(SEARCH("!",L20)),FALSE)),"À vérifier","OK")) -> OK
A21: 183 | B21: HRABI | C21: ISSA | D21: 02. Production | E21: MOD | F21: STC | G21: STC | H21: STC | I21: STC | J21: STC | K21: repos | L21: repos | M21: =48 -> 48 | N21: =SUM(F21:L21)*24 -> 0 | O21: =IF(COUNTIF(PARAMETRES_REGIMES!$A$3:$A$100,$A21)>0,MIN(M21,SUM(F21:L21)*24),MIN(M21,SUM(F21:K21)*24)) -> 0 | P21: =IF(COUNTIF(PARAMETRES_REGIMES!$A$3:$A$100,$A21)>0,FLOOR(MAX(SUM(F21:L21)*24-M21,0),0.5),FLOOR(MAX(SUM(F21:K21)*24-M21,0),0.5)) -> 0 | Q21: =IF(COUNTIF(PARAMETRES_REGIMES!$A$3:$A$100,$A21)>0,0,IF(ISNUMBER(L21),FLOOR(MAX(L21*24,0),0.5),0)) -> 0 | R21: =COUNTIF(F21:L21,"ABS") -> 0 | S21: =COUNTIF(F21:L21,"Congé")+COUNTIF(F21:L21,"CSS")*0+COUNTIF(F21:L21,"CM")*0 -> 0 | T21: =COUNTIF(F21:L21,"Férié") -> 0 | U21: =O21+P21+Q21+(T21*8.5) -> 0 | V21: =IF(COUNTIF(F21:L21,"STC")>0,"STC",IF(OR(IFERROR(ISNUMBER(SEARCH("!",F21)),FALSE),IFERROR(ISNUMBER(SEARCH("!",G21)),FALSE),IFERROR(ISNUMBER(SEARCH("!",H21)),FALSE),IFERROR(ISNUMBER(SEARCH("!",I21)),FALSE),IFERROR(ISNUMBER(SEARCH("!",J21)),FALSE),IFERROR(ISNUMBER(SEARCH("!",K21)),FALSE),IFERROR(ISNUMBER(SEARCH("!",L21)),FALSE)),"À vérifier","OK")) -> STC
A22: 192 | B22: CHIBA | C22: RANIM | D22: 02. Production | E22: MOD | F22: ABS | G22: ABS | H22: 0.3125 | I22: 0.39583333 | J22: 0.39583333 | K22: repos | L22: repos | M22: =48 -> 48 | N22: =SUM(F22:L22)*24 -> 26.5 | O22: =IF(COUNTIF(PARAMETRES_REGIMES!$A$3:$A$100,$A22)>0,MIN(M22,SUM(F22:L22)*24),MIN(M22,SUM(F22:K22)*24)) -> 26.5 | P22: =IF(COUNTIF(PARAMETRES_REGIMES!$A$3:$A$100,$A22)>0,FLOOR(MAX(SUM(F22:L22)*24-M22,0),0.5),FLOOR(MAX(SUM(F22:K22)*24-M22,0),0.5)) -> 0 | Q22: =IF(COUNTIF(PARAMETRES_REGIMES!$A$3:$A$100,$A22)>0,0,IF(ISNUMBER(L22),FLOOR(MAX(L22*24,0),0.5),0)) -> 0 | R22: =COUNTIF(F22:L22,"ABS") -> 2 | S22: =COUNTIF(F22:L22,"Congé")+COUNTIF(F22:L22,"CSS")*0+COUNTIF(F22:L22,"CM")*0 -> 0 | T22: =COUNTIF(F22:L22,"Férié") -> 0 | U22: =O22+P22+Q22+(T22*8.5) -> 26.5 | V22: =IF(COUNTIF(F22:L22,"STC")>0,"STC",IF(OR(IFERROR(ISNUMBER(SEARCH("!",F22)),FALSE),IFERROR(ISNUMBER(SEARCH("!",G22)),FALSE),IFERROR(ISNUMBER(SEARCH("!",H22)),FALSE),IFERROR(ISNUMBER(SEARCH("!",I22)),FALSE),IFERROR(ISNUMBER(SEARCH("!",J22)),FALSE),IFERROR(ISNUMBER(SEARCH("!",K22)),FALSE),IFERROR(ISNUMBER(SEARCH("!",L22)),FALSE)),"À vérifier","OK")) -> OK
A23: 199 | B23: KLAII | C23: MARAM | D23: 02. Production | E23: MOD | F23: ABS | G23: 0.3125 | H23: 0.39583333 | I23: 0.39583333 | J23: 0.39583333 | K23: repos | L23: repos | M23: =48 -> 48 | N23: =SUM(F23:L23)*24 -> 36 | O23: =IF(COUNTIF(PARAMETRES_REGIMES!$A$3:$A$100,$A23)>0,MIN(M23,SUM(F23:L23)*24),MIN(M23,SUM(F23:K23)*24)) -> 36 | P23: =IF(COUNTIF(PARAMETRES_REGIMES!$A$3:$A$100,$A23)>0,FLOOR(MAX(SUM(F23:L23)*24-M23,0),0.5),FLOOR(MAX(SUM(F23:K23)*24-M23,0),0.5)) -> 0 | Q23: =IF(COUNTIF(PARAMETRES_REGIMES!$A$3:$A$100,$A23)>0,0,IF(ISNUMBER(L23),FLOOR(MAX(L23*24,0),0.5),0)) -> 0 | R23: =COUNTIF(F23:L23,"ABS") -> 1 | S23: =COUNTIF(F23:L23,"Congé")+COUNTIF(F23:L23,"CSS")*0+COUNTIF(F23:L23,"CM")*0 -> 0 | T23: =COUNTIF(F23:L23,"Férié") -> 0 | U23: =O23+P23+Q23+(T23*8.5) -> 36 | V23: =IF(COUNTIF(F23:L23,"STC")>0,"STC",IF(OR(IFERROR(ISNUMBER(SEARCH("!",F23)),FALSE),IFERROR(ISNUMBER(SEARCH("!",G23)),FALSE),IFERROR(ISNUMBER(SEARCH("!",H23)),FALSE),IFERROR(ISNUMBER(SEARCH("!",I23)),FALSE),IFERROR(ISNUMBER(SEARCH("!",J23)),FALSE),IFERROR(ISNUMBER(SEARCH("!",K23)),FALSE),IFERROR(ISNUMBER(SEARCH("!",L23)),FALSE)),"À vérifier","OK")) -> OK
A24: 204 | B24: ZAOUALI | C24: CHAYMA | D24: 02. Production | E24: MOD | F24: 0.39583333 | G24: 0.39583333 | H24: 0.39583333 | I24: 0.39583333 | J24: 0.39583333 | K24: repos | L24: repos | M24: =48 -> 48 | N24: =SUM(F24:L24)*24 -> 47.5 | O24: =IF(COUNTIF(PARAMETRES_REGIMES!$A$3:$A$100,$A24)>0,MIN(M24,SUM(F24:L24)*24),MIN(M24,SUM(F24:K24)*24)) -> 47.5 | P24: =IF(COUNTIF(PARAMETRES_REGIMES!$A$3:$A$100,$A24)>0,FLOOR(MAX(SUM(F24:L24)*24-M24,0),0.5),FLOOR(MAX(SUM(F24:K24)*24-M24,0),0.5)) -> 0 | Q24: =IF(COUNTIF(PARAMETRES_REGIMES!$A$3:$A$100,$A24)>0,0,IF(ISNUMBER(L24),FLOOR(MAX(L24*24,0),0.5),0)) -> 0 | R24: =COUNTIF(F24:L24,"ABS") -> 0 | S24: =COUNTIF(F24:L24,"Congé")+COUNTIF(F24:L24,"CSS")*0+COUNTIF(F24:L24,"CM")*0 -> 0 | T24: =COUNTIF(F24:L24,"Férié") -> 0 | U24: =O24+P24+Q24+(T24*8.5) -> 47.5 | V24: =IF(COUNTIF(F24:L24,"STC")>0,"STC",IF(OR(IFERROR(ISNUMBER(SEARCH("!",F24)),FALSE),IFERROR(ISNUMBER(SEARCH("!",G24)),FALSE),IFERROR(ISNUMBER(SEARCH("!",H24)),FALSE),IFERROR(ISNUMBER(SEARCH("!",I24)),FALSE),IFERROR(ISNUMBER(SEARCH("!",J24)),FALSE),IFERROR(ISNUMBER(SEARCH("!",K24)),FALSE),IFERROR(ISNUMBER(SEARCH("!",L24)),FALSE)),"À vérifier","OK")) -> OK
A25: 215 | B25: ZAIRI | C25: FADOUA | D25: 02. Production | E25: MOD | F25: 0.39583333 | G25: 0.39583333 | H25: 0.39583333 | I25: 0.39583333 | J25: 0.39583333 | K25: repos | L25: repos | M25: =48 -> 48 | N25: =SUM(F25:L25)*24 -> 47.5 | O25: =IF(COUNTIF(PARAMETRES_REGIMES!$A$3:$A$100,$A25)>0,MIN(M25,SUM(F25:L25)*24),MIN(M25,SUM(F25:K25)*24)) -> 47.5 | P25: =IF(COUNTIF(PARAMETRES_REGIMES!$A$3:$A$100,$A25)>0,FLOOR(MAX(SUM(F25:L25)*24-M25,0),0.5),FLOOR(MAX(SUM(F25:K25)*24-M25,0),0.5)) -> 0 | Q25: =IF(COUNTIF(PARAMETRES_REGIMES!$A$3:$A$100,$A25)>0,0,IF(ISNUMBER(L25),FLOOR(MAX(L25*24,0),0.5),0)) -> 0 | R25: =COUNTIF(F25:L25,"ABS") -> 0 | S25: =COUNTIF(F25:L25,"Congé")+COUNTIF(F25:L25,"CSS")*0+COUNTIF(F25:L25,"CM")*0 -> 0 | T25: =COUNTIF(F25:L25,"Férié") -> 0 | U25: =O25+P25+Q25+(T25*8.5) -> 47.5 | V25: =IF(COUNTIF(F25:L25,"STC")>0,"STC",IF(OR(IFERROR(ISNUMBER(SEARCH("!",F25)),FALSE),IFERROR(ISNUMBER(SEARCH("!",G25)),FALSE),IFERROR(ISNUMBER(SEARCH("!",H25)),FALSE),IFERROR(ISNUMBER(SEARCH("!",I25)),FALSE),IFERROR(ISNUMBER(SEARCH("!",J25)),FALSE),IFERROR(ISNUMBER(SEARCH("!",K25)),FALSE),IFERROR(ISNUMBER(SEARCH("!",L25)),FALSE)),"À vérifier","OK")) -> OK
A26: 223 | B26: GUEDER | C26: AHLEM | D26: 06. RH | E26: MOI | F26: 0.29166667 | G26: 0.375 | H26: ABS | I26: 0.375 | J26: 0.375 | K26: repos | L26: repos | M26: =48 -> 48 | N26: =SUM(F26:L26)*24 -> 34 | O26: =IF(COUNTIF(PARAMETRES_REGIMES!$A$3:$A$100,$A26)>0,MIN(M26,SUM(F26:L26)*24),MIN(M26,SUM(F26:K26)*24)) -> 34 | P26: =IF(COUNTIF(PARAMETRES_REGIMES!$A$3:$A$100,$A26)>0,FLOOR(MAX(SUM(F26:L26)*24-M26,0),0.5),FLOOR(MAX(SUM(F26:K26)*24-M26,0),0.5)) -> 0 | Q26: =IF(COUNTIF(PARAMETRES_REGIMES!$A$3:$A$100,$A26)>0,0,IF(ISNUMBER(L26),FLOOR(MAX(L26*24,0),0.5),0)) -> 0 | R26: =COUNTIF(F26:L26,"ABS") -> 1 | S26: =COUNTIF(F26:L26,"Congé")+COUNTIF(F26:L26,"CSS")*0+COUNTIF(F26:L26,"CM")*0 -> 0 | T26: =COUNTIF(F26:L26,"Férié") -> 0 | U26: =O26+P26+Q26+(T26*8.5) -> 34 | V26: =IF(COUNTIF(F26:L26,"STC")>0,"STC",IF(OR(IFERROR(ISNUMBER(SEARCH("!",F26)),FALSE),IFERROR(ISNUMBER(SEARCH("!",G26)),FALSE),IFERROR(ISNUMBER(SEARCH("!",H26)),FALSE),IFERROR(ISNUMBER(SEARCH("!",I26)),FALSE),IFERROR(ISNUMBER(SEARCH("!",J26)),FALSE),IFERROR(ISNUMBER(SEARCH("!",K26)),FALSE),IFERROR(ISNUMBER(SEARCH("!",L26)),FALSE)),"À vérifier","OK")) -> OK
A27: 227 | B27: BEN SAAD | C27: ZIED | D27: 06. RH | E27: MOI | F27: 0.33333333 | G27: ABS | H27: 0.33333333 | I27: 0.33333333 | J27: 0.27083333 | K27: repos | L27: repos | M27: =48 -> 48 | N27: =SUM(F27:L27)*24 -> 30.5 | O27: =IF(COUNTIF(PARAMETRES_REGIMES!$A$3:$A$100,$A27)>0,MIN(M27,SUM(F27:L27)*24),MIN(M27,SUM(F27:K27)*24)) -> 30.5 | P27: =IF(COUNTIF(PARAMETRES_REGIMES!$A$3:$A$100,$A27)>0,FLOOR(MAX(SUM(F27:L27)*24-M27,0),0.5),FLOOR(MAX(SUM(F27:K27)*24-M27,0),0.5)) -> 0 | Q27: =IF(COUNTIF(PARAMETRES_REGIMES!$A$3:$A$100,$A27)>0,0,IF(ISNUMBER(L27),FLOOR(MAX(L27*24,0),0.5),0)) -> 0 | R27: =COUNTIF(F27:L27,"ABS") -> 1 | S27: =COUNTIF(F27:L27,"Congé")+COUNTIF(F27:L27,"CSS")*0+COUNTIF(F27:L27,"CM")*0 -> 0 | T27: =COUNTIF(F27:L27,"Férié") -> 0 | U27: =O27+P27+Q27+(T27*8.5) -> 30.5 | V27: =IF(COUNTIF(F27:L27,"STC")>0,"STC",IF(OR(IFERROR(ISNUMBER(SEARCH("!",F27)),FALSE),IFERROR(ISNUMBER(SEARCH("!",G27)),FALSE),IFERROR(ISNUMBER(SEARCH("!",H27)),FALSE),IFERROR(ISNUMBER(SEARCH("!",I27)),FALSE),IFERROR(ISNUMBER(SEARCH("!",J27)),FALSE),IFERROR(ISNUMBER(SEARCH("!",K27)),FALSE),IFERROR(ISNUMBER(SEARCH("!",L27)),FALSE)),"À vérifier","OK")) -> OK
A28: 234 | B28: KACEM | C28: MALEK | D28: 02. Production | E28: MOD | F28: 0.33333333 | G28: 0.39583333 | H28: 0.39583333 | I28: 0.375 | J28: 0.375 | K28: repos | L28: repos | M28: =48 -> 48 | N28: =SUM(F28:L28)*24 -> 45 | O28: =IF(COUNTIF(PARAMETRES_REGIMES!$A$3:$A$100,$A28)>0,MIN(M28,SUM(F28:L28)*24),MIN(M28,SUM(F28:K28)*24)) -> 45 | P28: =IF(COUNTIF(PARAMETRES_REGIMES!$A$3:$A$100,$A28)>0,FLOOR(MAX(SUM(F28:L28)*24-M28,0),0.5),FLOOR(MAX(SUM(F28:K28)*24-M28,0),0.5)) -> 0 | Q28: =IF(COUNTIF(PARAMETRES_REGIMES!$A$3:$A$100,$A28)>0,0,IF(ISNUMBER(L28),FLOOR(MAX(L28*24,0),0.5),0)) -> 0 | R28: =COUNTIF(F28:L28,"ABS") -> 0 | S28: =COUNTIF(F28:L28,"Congé")+COUNTIF(F28:L28,"CSS")*0+COUNTIF(F28:L28,"CM")*0 -> 0 | T28: =COUNTIF(F28:L28,"Férié") -> 0 | U28: =O28+P28+Q28+(T28*8.5) -> 45 | V28: =IF(COUNTIF(F28:L28,"STC")>0,"STC",IF(OR(IFERROR(ISNUMBER(SEARCH("!",F28)),FALSE),IFERROR(ISNUMBER(SEARCH("!",G28)),FALSE),IFERROR(ISNUMBER(SEARCH("!",H28)),FALSE),IFERROR(ISNUMBER(SEARCH("!",I28)),FALSE),IFERROR(ISNUMBER(SEARCH("!",J28)),FALSE),IFERROR(ISNUMBER(SEARCH("!",K28)),FALSE),IFERROR(ISNUMBER(SEARCH("!",L28)),FALSE)),"À vérifier","OK")) -> OK
A29: 240 | B29: BRICHNI | C29: ZAINEB | D29: 02. Production | E29: MOD | F29: 0.39583333 | G29: ABS | H29: 0.3125 | I29: 0.39583333 | J29: 0.39583333 | K29: repos | L29: repos | M29: =48 -> 48 | N29: =SUM(F29:L29)*24 -> 36 | O29: =IF(COUNTIF(PARAMETRES_REGIMES!$A$3:$A$100,$A29)>0,MIN(M29,SUM(F29:L29)*24),MIN(M29,SUM(F29:K29)*24)) -> 36 | P29: =IF(COUNTIF(PARAMETRES_REGIMES!$A$3:$A$100,$A29)>0,FLOOR(MAX(SUM(F29:L29)*24-M29,0),0.5),FLOOR(MAX(SUM(F29:K29)*24-M29,0),0.5)) -> 0 | Q29: =IF(COUNTIF(PARAMETRES_REGIMES!$A$3:$A$100,$A29)>0,0,IF(ISNUMBER(L29),FLOOR(MAX(L29*24,0),0.5),0)) -> 0 | R29: =COUNTIF(F29:L29,"ABS") -> 1 | S29: =COUNTIF(F29:L29,"Congé")+COUNTIF(F29:L29,"CSS")*0+COUNTIF(F29:L29,"CM")*0 -> 0 | T29: =COUNTIF(F29:L29,"Férié") -> 0 | U29: =O29+P29+Q29+(T29*8.5) -> 36 | V29: =IF(COUNTIF(F29:L29,"STC")>0,"STC",IF(OR(IFERROR(ISNUMBER(SEARCH("!",F29)),FALSE),IFERROR(ISNUMBER(SEARCH("!",G29)),FALSE),IFERROR(ISNUMBER(SEARCH("!",H29)),FALSE),IFERROR(ISNUMBER(SEARCH("!",I29)),FALSE),IFERROR(ISNUMBER(SEARCH("!",J29)),FALSE),IFERROR(ISNUMBER(SEARCH("!",K29)),FALSE),IFERROR(ISNUMBER(SEARCH("!",L29)),FALSE)),"À vérifier","OK")) -> OK
A30: 242 | B30: REZGUI | C30: MAJED | D30: 02. Production | E30: MOD | F30: 0.39583333 | G30: ABS | H30: 0.3125 | I30: 0.39583333 | J30: 0.39583333 | K30: repos | L30: repos | M30: =48 -> 48 | N30: =SUM(F30:L30)*24 -> 36 | O30: =IF(COUNTIF(PARAMETRES_REGIMES!$A$3:$A$100,$A30)>0,MIN(M30,SUM(F30:L30)*24),MIN(M30,SUM(F30:K30)*24)) -> 36 | P30: =IF(COUNTIF(PARAMETRES_REGIMES!$A$3:$A$100,$A30)>0,FLOOR(MAX(SUM(F30:L30)*24-M30,0),0.5),FLOOR(MAX(SUM(F30:K30)*24-M30,0),0.5)) -> 0 | Q30: =IF(COUNTIF(PARAMETRES_REGIMES!$A$3:$A$100,$A30)>0,0,IF(ISNUMBER(L30),FLOOR(MAX(L30*24,0),0.5),0)) -> 0 | R30: =COUNTIF(F30:L30,"ABS") -> 1 | S30: =COUNTIF(F30:L30,"Congé")+COUNTIF(F30:L30,"CSS")*0+COUNTIF(F30:L30,"CM")*0 -> 0 | T30: =COUNTIF(F30:L30,"Férié") -> 0 | U30: =O30+P30+Q30+(T30*8.5) -> 36 | V30: =IF(COUNTIF(F30:L30,"STC")>0,"STC",IF(OR(IFERROR(ISNUMBER(SEARCH("!",F30)),FALSE),IFERROR(ISNUMBER(SEARCH("!",G30)),FALSE),IFERROR(ISNUMBER(SEARCH("!",H30)),FALSE),IFERROR(ISNUMBER(SEARCH("!",I30)),FALSE),IFERROR(ISNUMBER(SEARCH("!",J30)),FALSE),IFERROR(ISNUMBER(SEARCH("!",K30)),FALSE),IFERROR(ISNUMBER(SEARCH("!",L30)),FALSE)),"À vérifier","OK")) -> OK
A31: 243 | B31: LABBEN | C31: FARAH | D31: 02. Production | E31: MOD | F31: 0.39583333 | G31: 0.39583333 | H31: ABS | I31: 0.3125 | J31: 0.39583333 | K31: repos | L31: repos | M31: =48 -> 48 | N31: =SUM(F31:L31)*24 -> 36 | O31: =IF(COUNTIF(PARAMETRES_REGIMES!$A$3:$A$100,$A31)>0,MIN(M31,SUM(F31:L31)*24),MIN(M31,SUM(F31:K31)*24)) -> 36 | P31: =IF(COUNTIF(PARAMETRES_REGIMES!$A$3:$A$100,$A31)>0,FLOOR(MAX(SUM(F31:L31)*24-M31,0),0.5),FLOOR(MAX(SUM(F31:K31)*24-M31,0),0.5)) -> 0 | Q31: =IF(COUNTIF(PARAMETRES_REGIMES!$A$3:$A$100,$A31)>0,0,IF(ISNUMBER(L31),FLOOR(MAX(L31*24,0),0.5),0)) -> 0 | R31: =COUNTIF(F31:L31,"ABS") -> 1 | S31: =COUNTIF(F31:L31,"Congé")+COUNTIF(F31:L31,"CSS")*0+COUNTIF(F31:L31,"CM")*0 -> 0 | T31: =COUNTIF(F31:L31,"Férié") -> 0 | U31: =O31+P31+Q31+(T31*8.5) -> 36 | V31: =IF(COUNTIF(F31:L31,"STC")>0,"STC",IF(OR(IFERROR(ISNUMBER(SEARCH("!",F31)),FALSE),IFERROR(ISNUMBER(SEARCH("!",G31)),FALSE),IFERROR(ISNUMBER(SEARCH("!",H31)),FALSE),IFERROR(ISNUMBER(SEARCH("!",I31)),FALSE),IFERROR(ISNUMBER(SEARCH("!",J31)),FALSE),IFERROR(ISNUMBER(SEARCH("!",K31)),FALSE),IFERROR(ISNUMBER(SEARCH("!",L31)),FALSE)),"À vérifier","OK")) -> OK
A32: 244 | B32: HASNI | C32: ZAINEB | D32: 02. Production | E32: MOD | F32: ABS | G32: 0.083333333 | H32: ABS | I32: ABS | J32: ABS | K32: repos | L32: repos | M32: =48 -> 48 | N32: =SUM(F32:L32)*24 -> 2 | O32: =IF(COUNTIF(PARAMETRES_REGIMES!$A$3:$A$100,$A32)>0,MIN(M32,SUM(F32:L32)*24),MIN(M32,SUM(F32:K32)*24)) -> 2 | P32: =IF(COUNTIF(PARAMETRES_REGIMES!$A$3:$A$100,$A32)>0,FLOOR(MAX(SUM(F32:L32)*24-M32,0),0.5),FLOOR(MAX(SUM(F32:K32)*24-M32,0),0.5)) -> 0 | Q32: =IF(COUNTIF(PARAMETRES_REGIMES!$A$3:$A$100,$A32)>0,0,IF(ISNUMBER(L32),FLOOR(MAX(L32*24,0),0.5),0)) -> 0 | R32: =COUNTIF(F32:L32,"ABS") -> 4 | S32: =COUNTIF(F32:L32,"Congé")+COUNTIF(F32:L32,"CSS")*0+COUNTIF(F32:L32,"CM")*0 -> 0 | T32: =COUNTIF(F32:L32,"Férié") -> 0 | U32: =O32+P32+Q32+(T32*8.5) -> 2 | V32: =IF(COUNTIF(F32:L32,"STC")>0,"STC",IF(OR(IFERROR(ISNUMBER(SEARCH("!",F32)),FALSE),IFERROR(ISNUMBER(SEARCH("!",G32)),FALSE),IFERROR(ISNUMBER(SEARCH("!",H32)),FALSE),IFERROR(ISNUMBER(SEARCH("!",I32)),FALSE),IFERROR(ISNUMBER(SEARCH("!",J32)),FALSE),IFERROR(ISNUMBER(SEARCH("!",K32)),FALSE),IFERROR(ISNUMBER(SEARCH("!",L32)),FALSE)),"À vérifier","OK")) -> OK
A33: 247 | B33: NASRALLI | C33: THOURAYA | D33: 02. Production | E33: MOD | F33: 0.39583333 | G33: 0.39583333 | H33: 0.39583333 | I33: 0.39583333 | J33: 0.39583333 | K33: repos | L33: repos | M33: =48 -> 48 | N33: =SUM(F33:L33)*24 -> 47.5 | O33: =IF(COUNTIF(PARAMETRES_REGIMES!$A$3:$A$100,$A33)>0,MIN(M33,SUM(F33:L33)*24),MIN(M33,SUM(F33:K33)*24)) -> 47.5 | P33: =IF(COUNTIF(PARAMETRES_REGIMES!$A$3:$A$100,$A33)>0,FLOOR(MAX(SUM(F33:L33)*24-M33,0),0.5),FLOOR(MAX(SUM(F33:K33)*24-M33,0),0.5)) -> 0 | Q33: =IF(COUNTIF(PARAMETRES_REGIMES!$A$3:$A$100,$A33)>0,0,IF(ISNUMBER(L33),FLOOR(MAX(L33*24,0),0.5),0)) -> 0 | R33: =COUNTIF(F33:L33,"ABS") -> 0 | S33: =COUNTIF(F33:L33,"Congé")+COUNTIF(F33:L33,"CSS")*0+COUNTIF(F33:L33,"CM")*0 -> 0 | T33: =COUNTIF(F33:L33,"Férié") -> 0 | U33: =O33+P33+Q33+(T33*8.5) -> 47.5 | V33: =IF(COUNTIF(F33:L33,"STC")>0,"STC",IF(OR(IFERROR(ISNUMBER(SEARCH("!",F33)),FALSE),IFERROR(ISNUMBER(SEARCH("!",G33)),FALSE),IFERROR(ISNUMBER(SEARCH("!",H33)),FALSE),IFERROR(ISNUMBER(SEARCH("!",I33)),FALSE),IFERROR(ISNUMBER(SEARCH("!",J33)),FALSE),IFERROR(ISNUMBER(SEARCH("!",K33)),FALSE),IFERROR(ISNUMBER(SEARCH("!",L33)),FALSE)),"À vérifier","OK")) -> OK
A34: 248 | B34: ATTIYA | C34: NAJEH | D34: 06. RH | E34: MOI | F34: ABS | G34: 0.39583333 | H34: 0.35416667 | I34: 0.39583333 | J34: 0.39583333 | K34: repos | L34: repos | M34: =48 -> 48 | N34: =SUM(F34:L34)*24 -> 37 | O34: =IF(COUNTIF(PARAMETRES_REGIMES!$A$3:$A$100,$A34)>0,MIN(M34,SUM(F34:L34)*24),MIN(M34,SUM(F34:K34)*24)) -> 37 | P34: =IF(COUNTIF(PARAMETRES_REGIMES!$A$3:$A$100,$A34)>0,FLOOR(MAX(SUM(F34:L34)*24-M34,0),0.5),FLOOR(MAX(SUM(F34:K34)*24-M34,0),0.5)) -> 0 | Q34: =IF(COUNTIF(PARAMETRES_REGIMES!$A$3:$A$100,$A34)>0,0,IF(ISNUMBER(L34),FLOOR(MAX(L34*24,0),0.5),0)) -> 0 | R34: =COUNTIF(F34:L34,"ABS") -> 1 | S34: =COUNTIF(F34:L34,"Congé")+COUNTIF(F34:L34,"CSS")*0+COUNTIF(F34:L34,"CM")*0 -> 0 | T34: =COUNTIF(F34:L34,"Férié") -> 0 | U34: =O34+P34+Q34+(T34*8.5) -> 37 | V34: =IF(COUNTIF(F34:L34,"STC")>0,"STC",IF(OR(IFERROR(ISNUMBER(SEARCH("!",F34)),FALSE),IFERROR(ISNUMBER(SEARCH("!",G34)),FALSE),IFERROR(ISNUMBER(SEARCH("!",H34)),FALSE),IFERROR(ISNUMBER(SEARCH("!",I34)),FALSE),IFERROR(ISNUMBER(SEARCH("!",J34)),FALSE),IFERROR(ISNUMBER(SEARCH("!",K34)),FALSE),IFERROR(ISNUMBER(SEARCH("!",L34)),FALSE)),"À vérifier","OK")) -> OK
A35: 249 | B35: WERFELLI | C35: OUSSEMA | D35: 05. Logistique | E35: MOI | F35: 0.35416667 | G35: 0.35416667 | H35: 0.20833333 | I35: 0.375 | J35: 0.375 | K35: repos | L35: repos | M35: =48 -> 48 | N35: =SUM(F35:L35)*24 -> 40 | O35: =IF(COUNTIF(PARAMETRES_REGIMES!$A$3:$A$100,$A35)>0,MIN(M35,SUM(F35:L35)*24),MIN(M35,SUM(F35:K35)*24)) -> 40 | P35: =IF(COUNTIF(PARAMETRES_REGIMES!$A$3:$A$100,$A35)>0,FLOOR(MAX(SUM(F35:L35)*24-M35,0),0.5),FLOOR(MAX(SUM(F35:K35)*24-M35,0),0.5)) -> 0 | Q35: =IF(COUNTIF(PARAMETRES_REGIMES!$A$3:$A$100,$A35)>0,0,IF(ISNUMBER(L35),FLOOR(MAX(L35*24,0),0.5),0)) -> 0 | R35: =COUNTIF(F35:L35,"ABS") -> 0 | S35: =COUNTIF(F35:L35,"Congé")+COUNTIF(F35:L35,"CSS")*0+COUNTIF(F35:L35,"CM")*0 -> 0 | T35: =COUNTIF(F35:L35,"Férié") -> 0 | U35: =O35+P35+Q35+(T35*8.5) -> 40 | V35: =IF(COUNTIF(F35:L35,"STC")>0,"STC",IF(OR(IFERROR(ISNUMBER(SEARCH("!",F35)),FALSE),IFERROR(ISNUMBER(SEARCH("!",G35)),FALSE),IFERROR(ISNUMBER(SEARCH("!",H35)),FALSE),IFERROR(ISNUMBER(SEARCH("!",I35)),FALSE),IFERROR(ISNUMBER(SEARCH("!",J35)),FALSE),IFERROR(ISNUMBER(SEARCH("!",K35)),FALSE),IFERROR(ISNUMBER(SEARCH("!",L35)),FALSE)),"À vérifier","OK")) -> OK
A36: 250 | B36: EL AYEB | C36: NAOURES | D36: 06. RH | E36: MOI | F36: 0.39583333 | G36: 0.41666667 | H36: 0.41666667 | I36: 0.41666667 | J36: 0.41666667 | K36: repos | L36: repos | M36: =48 -> 48 | N36: =SUM(F36:L36)*24 -> 49.5 | O36: =IF(COUNTIF(PARAMETRES_REGIMES!$A$3:$A$100,$A36)>0,MIN(M36,SUM(F36:L36)*24),MIN(M36,SUM(F36:K36)*24)) -> 48 | P36: =IF(COUNTIF(PARAMETRES_REGIMES!$A$3:$A$100,$A36)>0,FLOOR(MAX(SUM(F36:L36)*24-M36,0),0.5),FLOOR(MAX(SUM(F36:K36)*24-M36,0),0.5)) -> 1.5 | Q36: =IF(COUNTIF(PARAMETRES_REGIMES!$A$3:$A$100,$A36)>0,0,IF(ISNUMBER(L36),FLOOR(MAX(L36*24,0),0.5),0)) -> 0 | R36: =COUNTIF(F36:L36,"ABS") -> 0 | S36: =COUNTIF(F36:L36,"Congé")+COUNTIF(F36:L36,"CSS")*0+COUNTIF(F36:L36,"CM")*0 -> 0 | T36: =COUNTIF(F36:L36,"Férié") -> 0 | U36: =O36+P36+Q36+(T36*8.5) -> 49.5 | V36: =IF(COUNTIF(F36:L36,"STC")>0,"STC",IF(OR(IFERROR(ISNUMBER(SEARCH("!",F36)),FALSE),IFERROR(ISNUMBER(SEARCH("!",G36)),FALSE),IFERROR(ISNUMBER(SEARCH("!",H36)),FALSE),IFERROR(ISNUMBER(SEARCH("!",I36)),FALSE),IFERROR(ISNUMBER(SEARCH("!",J36)),FALSE),IFERROR(ISNUMBER(SEARCH("!",K36)),FALSE),IFERROR(ISNUMBER(SEARCH("!",L36)),FALSE)),"À vérifier","OK")) -> OK
A37: 251 | B37: BRAHEM | C37: WISSEM | D37: 06. RH | E37: MOI | F37: repos | G37: 0.33333333 | H37: 0.33333333 | I37: 0.33333333 | J37: 0.33333333 | K37: repos | L37: repos | M37: =48 -> 48 | N37: =SUM(F37:L37)*24 -> 32 | O37: =IF(COUNTIF(PARAMETRES_REGIMES!$A$3:$A$100,$A37)>0,MIN(M37,SUM(F37:L37)*24),MIN(M37,SUM(F37:K37)*24)) -> 32 | P37: =IF(COUNTIF(PARAMETRES_REGIMES!$A$3:$A$100,$A37)>0,FLOOR(MAX(SUM(F37:L37)*24-M37,0),0.5),FLOOR(MAX(SUM(F37:K37)*24-M37,0),0.5)) -> 0 | Q37: =IF(COUNTIF(PARAMETRES_REGIMES!$A$3:$A$100,$A37)>0,0,IF(ISNUMBER(L37),FLOOR(MAX(L37*24,0),0.5),0)) -> 0 | R37: =COUNTIF(F37:L37,"ABS") -> 0 | S37: =COUNTIF(F37:L37,"Congé")+COUNTIF(F37:L37,"CSS")*0+COUNTIF(F37:L37,"CM")*0 -> 0 | T37: =COUNTIF(F37:L37,"Férié") -> 0 | U37: =O37+P37+Q37+(T37*8.5) -> 32 | V37: =IF(COUNTIF(F37:L37,"STC")>0,"STC",IF(OR(IFERROR(ISNUMBER(SEARCH("!",F37)),FALSE),IFERROR(ISNUMBER(SEARCH("!",G37)),FALSE),IFERROR(ISNUMBER(SEARCH("!",H37)),FALSE),IFERROR(ISNUMBER(SEARCH("!",I37)),FALSE),IFERROR(ISNUMBER(SEARCH("!",J37)),FALSE),IFERROR(ISNUMBER(SEARCH("!",K37)),FALSE),IFERROR(ISNUMBER(SEARCH("!",L37)),FALSE)),"À vérifier","OK")) -> OK
A38: 0003 | B38: JEDDA | C38: SAFA | D38: 03. Qualité | E38: MOI | F38: 0.375 | G38: 0.041666667 | H38: CM | I38: CM | J38: CM | K38: repos | L38: repos | M38: =48 -> 48 | N38: =SUM(F38:L38)*24 -> 10 | O38: =IF(COUNTIF(PARAMETRES_REGIMES!$A$3:$A$100,$A38)>0,MIN(M38,SUM(F38:L38)*24),MIN(M38,SUM(F38:K38)*24)) -> 10 | P38: =IF(COUNTIF(PARAMETRES_REGIMES!$A$3:$A$100,$A38)>0,FLOOR(MAX(SUM(F38:L38)*24-M38,0),0.5),FLOOR(MAX(SUM(F38:K38)*24-M38,0),0.5)) -> 0 | Q38: =IF(COUNTIF(PARAMETRES_REGIMES!$A$3:$A$100,$A38)>0,0,IF(ISNUMBER(L38),FLOOR(MAX(L38*24,0),0.5),0)) -> 0 | R38: =COUNTIF(F38:L38,"ABS") -> 0 | S38: =COUNTIF(F38:L38,"Congé")+COUNTIF(F38:L38,"CSS")*0+COUNTIF(F38:L38,"CM")*0 -> 0 | T38: =COUNTIF(F38:L38,"Férié") -> 0 | U38: =O38+P38+Q38+(T38*8.5) -> 10 | V38: =IF(COUNTIF(F38:L38,"STC")>0,"STC",IF(OR(IFERROR(ISNUMBER(SEARCH("!",F38)),FALSE),IFERROR(ISNUMBER(SEARCH("!",G38)),FALSE),IFERROR(ISNUMBER(SEARCH("!",H38)),FALSE),IFERROR(ISNUMBER(SEARCH("!",I38)),FALSE),IFERROR(ISNUMBER(SEARCH("!",J38)),FALSE),IFERROR(ISNUMBER(SEARCH("!",K38)),FALSE),IFERROR(ISNUMBER(SEARCH("!",L38)),FALSE)),"À vérifier","OK")) -> OK
A39: 0004 | B39: ZAIDI | C39: SEIFEDDINE | D39: 04. Maintenance | E39: MOI | F39: 0.375 | G39: 0.39583333 | H39: 0.39583333 | I39: 0.375 | J39: 0.39583333 | K39: repos | L39: repos | M39: =48 -> 48 | N39: =SUM(F39:L39)*24 -> 46.5 | O39: =IF(COUNTIF(PARAMETRES_REGIMES!$A$3:$A$100,$A39)>0,MIN(M39,SUM(F39:L39)*24),MIN(M39,SUM(F39:K39)*24)) -> 46.5 | P39: =IF(COUNTIF(PARAMETRES_REGIMES!$A$3:$A$100,$A39)>0,FLOOR(MAX(SUM(F39:L39)*24-M39,0),0.5),FLOOR(MAX(SUM(F39:K39)*24-M39,0),0.5)) -> 0 | Q39: =IF(COUNTIF(PARAMETRES_REGIMES!$A$3:$A$100,$A39)>0,0,IF(ISNUMBER(L39),FLOOR(MAX(L39*24,0),0.5),0)) -> 0 | R39: =COUNTIF(F39:L39,"ABS") -> 0 | S39: =COUNTIF(F39:L39,"Congé")+COUNTIF(F39:L39,"CSS")*0+COUNTIF(F39:L39,"CM")*0 -> 0 | T39: =COUNTIF(F39:L39,"Férié") -> 0 | U39: =O39+P39+Q39+(T39*8.5) -> 46.5 | V39: =IF(COUNTIF(F39:L39,"STC")>0,"STC",IF(OR(IFERROR(ISNUMBER(SEARCH("!",F39)),FALSE),IFERROR(ISNUMBER(SEARCH("!",G39)),FALSE),IFERROR(ISNUMBER(SEARCH("!",H39)),FALSE),IFERROR(ISNUMBER(SEARCH("!",I39)),FALSE),IFERROR(ISNUMBER(SEARCH("!",J39)),FALSE),IFERROR(ISNUMBER(SEARCH("!",K39)),FALSE),IFERROR(ISNUMBER(SEARCH("!",L39)),FALSE)),"À vérifier","OK")) -> OK
A40: 0006 | B40: ESSID | C40: HOUSSEM EDDINE | D40: 06. RH | E40: MOI | F40: 0.33333333 | G40: Repos | H40: 0.33333333 | I40: 0.33333333 | J40: 0.33333333 | K40: repos | L40: repos | M40: =48 -> 48 | N40: =SUM(F40:L40)*24 -> 32 | O40: =IF(COUNTIF(PARAMETRES_REGIMES!$A$3:$A$100,$A40)>0,MIN(M40,SUM(F40:L40)*24),MIN(M40,SUM(F40:K40)*24)) -> 32 | P40: =IF(COUNTIF(PARAMETRES_REGIMES!$A$3:$A$100,$A40)>0,FLOOR(MAX(SUM(F40:L40)*24-M40,0),0.5),FLOOR(MAX(SUM(F40:K40)*24-M40,0),0.5)) -> 0 | Q40: =IF(COUNTIF(PARAMETRES_REGIMES!$A$3:$A$100,$A40)>0,0,IF(ISNUMBER(L40),FLOOR(MAX(L40*24,0),0.5),0)) -> 0 | R40: =COUNTIF(F40:L40,"ABS") -> 0 | S40: =COUNTIF(F40:L40,"Congé")+COUNTIF(F40:L40,"CSS")*0+COUNTIF(F40:L40,"CM")*0 -> 0 | T40: =COUNTIF(F40:L40,"Férié") -> 0 | U40: =O40+P40+Q40+(T40*8.5) -> 32 | V40: =IF(COUNTIF(F40:L40,"STC")>0,"STC",IF(OR(IFERROR(ISNUMBER(SEARCH("!",F40)),FALSE),IFERROR(ISNUMBER(SEARCH("!",G40)),FALSE),IFERROR(ISNUMBER(SEARCH("!",H40)),FALSE),IFERROR(ISNUMBER(SEARCH("!",I40)),FALSE),IFERROR(ISNUMBER(SEARCH("!",J40)),FALSE),IFERROR(ISNUMBER(SEARCH("!",K40)),FALSE),IFERROR(ISNUMBER(SEARCH("!",L40)),FALSE)),"À vérifier","OK")) -> OK
A41: 0010 | B41: RTIBI | C41: MOKHTAR | D41: 06. RH | E41: MOI | F41: congé | G41: congé | H41: congé | I41: congé | J41: 0.41666667 | K41: repos | L41: repos | M41: =48 -> 48 | N41: =SUM(F41:L41)*24 -> 10 | O41: =IF(COUNTIF(PARAMETRES_REGIMES!$A$3:$A$100,$A41)>0,MIN(M41,SUM(F41:L41)*24),MIN(M41,SUM(F41:K41)*24)) -> 10 | P41: =IF(COUNTIF(PARAMETRES_REGIMES!$A$3:$A$100,$A41)>0,FLOOR(MAX(SUM(F41:L41)*24-M41,0),0.5),FLOOR(MAX(SUM(F41:K41)*24-M41,0),0.5)) -> 0 | Q41: =IF(COUNTIF(PARAMETRES_REGIMES!$A$3:$A$100,$A41)>0,0,IF(ISNUMBER(L41),FLOOR(MAX(L41*24,0),0.5),0)) -> 0 | R41: =COUNTIF(F41:L41,"ABS") -> 0 | S41: =COUNTIF(F41:L41,"Congé")+COUNTIF(F41:L41,"CSS")*0+COUNTIF(F41:L41,"CM")*0 -> 4 | T41: =COUNTIF(F41:L41,"Férié") -> 0 | U41: =O41+P41+Q41+(T41*8.5) -> 10 | V41: =IF(COUNTIF(F41:L41,"STC")>0,"STC",IF(OR(IFERROR(ISNUMBER(SEARCH("!",F41)),FALSE),IFERROR(ISNUMBER(SEARCH("!",G41)),FALSE),IFERROR(ISNUMBER(SEARCH("!",H41)),FALSE),IFERROR(ISNUMBER(SEARCH("!",I41)),FALSE),IFERROR(ISNUMBER(SEARCH("!",J41)),FALSE),IFERROR(ISNUMBER(SEARCH("!",K41)),FALSE),IFERROR(ISNUMBER(SEARCH("!",L41)),FALSE)),"À vérifier","OK")) -> OK
A42: 0012 | B42: SOUSSI | C42: FATEN | D42: 05. Logistique | E42: MOI | F42: 0.375 | G42: 0.3125 | H42: 0.35416667 | I42: 0.1875 | J42: 0.35416667 | K42: repos | L42: repos | M42: =48 -> 48 | N42: =SUM(F42:L42)*24 -> 38 | O42: =IF(COUNTIF(PARAMETRES_REGIMES!$A$3:$A$100,$A42)>0,MIN(M42,SUM(F42:L42)*24),MIN(M42,SUM(F42:K42)*24)) -> 38 | P42: =IF(COUNTIF(PARAMETRES_REGIMES!$A$3:$A$100,$A42)>0,FLOOR(MAX(SUM(F42:L42)*24-M42,0),0.5),FLOOR(MAX(SUM(F42:K42)*24-M42,0),0.5)) -> 0 | Q42: =IF(COUNTIF(PARAMETRES_REGIMES!$A$3:$A$100,$A42)>0,0,IF(ISNUMBER(L42),FLOOR(MAX(L42*24,0),0.5),0)) -> 0 | R42: =COUNTIF(F42:L42,"ABS") -> 0 | S42: =COUNTIF(F42:L42,"Congé")+COUNTIF(F42:L42,"CSS")*0+COUNTIF(F42:L42,"CM")*0 -> 0 | T42: =COUNTIF(F42:L42,"Férié") -> 0 | U42: =O42+P42+Q42+(T42*8.5) -> 38 | V42: =IF(COUNTIF(F42:L42,"STC")>0,"STC",IF(OR(IFERROR(ISNUMBER(SEARCH("!",F42)),FALSE),IFERROR(ISNUMBER(SEARCH("!",G42)),FALSE),IFERROR(ISNUMBER(SEARCH("!",H42)),FALSE),IFERROR(ISNUMBER(SEARCH("!",I42)),FALSE),IFERROR(ISNUMBER(SEARCH("!",J42)),FALSE),IFERROR(ISNUMBER(SEARCH("!",K42)),FALSE),IFERROR(ISNUMBER(SEARCH("!",L42)),FALSE)),"À vérifier","OK")) -> OK
A43: 0013 | B43: DHIBI | C43: TAOUFIK | D43: 02. Production | E43: MOI | F43: 0.39583333 | G43: 0.39583333 | H43: 0.39583333 | I43: 0.375 | J43: 0.39583333 | K43: repos | L43: repos | M43: =48 -> 48 | N43: =SUM(F43:L43)*24 -> 47 | O43: =IF(COUNTIF(PARAMETRES_REGIMES!$A$3:$A$100,$A43)>0,MIN(M43,SUM(F43:L43)*24),MIN(M43,SUM(F43:K43)*24)) -> 47 | P43: =IF(COUNTIF(PARAMETRES_REGIMES!$A$3:$A$100,$A43)>0,FLOOR(MAX(SUM(F43:L43)*24-M43,0),0.5),FLOOR(MAX(SUM(F43:K43)*24-M43,0),0.5)) -> 0 | Q43: =IF(COUNTIF(PARAMETRES_REGIMES!$A$3:$A$100,$A43)>0,0,IF(ISNUMBER(L43),FLOOR(MAX(L43*24,0),0.5),0)) -> 0 | R43: =COUNTIF(F43:L43,"ABS") -> 0 | S43: =COUNTIF(F43:L43,"Congé")+COUNTIF(F43:L43,"CSS")*0+COUNTIF(F43:L43,"CM")*0 -> 0 | T43: =COUNTIF(F43:L43,"Férié") -> 0 | U43: =O43+P43+Q43+(T43*8.5) -> 47 | V43: =IF(COUNTIF(F43:L43,"STC")>0,"STC",IF(OR(IFERROR(ISNUMBER(SEARCH("!",F43)),FALSE),IFERROR(ISNUMBER(SEARCH("!",G43)),FALSE),IFERROR(ISNUMBER(SEARCH("!",H43)),FALSE),IFERROR(ISNUMBER(SEARCH("!",I43)),FALSE),IFERROR(ISNUMBER(SEARCH("!",J43)),FALSE),IFERROR(ISNUMBER(SEARCH("!",K43)),FALSE),IFERROR(ISNUMBER(SEARCH("!",L43)),FALSE)),"À vérifier","OK")) -> OK
A44: 0014 | B44: ABDENNOUR | C44: MOHAMED | D44: 04. Maintenance | E44: MOI | F44: 0.375 | G44: 0.375 | H44: 0.39583333 | I44: 0.375 | J44: 0.39583333 | K44: repos | L44: repos | M44: =48 -> 48 | N44: =SUM(F44:L44)*24 -> 46 | O44: =IF(COUNTIF(PARAMETRES_REGIMES!$A$3:$A$100,$A44)>0,MIN(M44,SUM(F44:L44)*24),MIN(M44,SUM(F44:K44)*24)) -> 46 | P44: =IF(COUNTIF(PARAMETRES_REGIMES!$A$3:$A$100,$A44)>0,FLOOR(MAX(SUM(F44:L44)*24-M44,0),0.5),FLOOR(MAX(SUM(F44:K44)*24-M44,0),0.5)) -> 0 | Q44: =IF(COUNTIF(PARAMETRES_REGIMES!$A$3:$A$100,$A44)>0,0,IF(ISNUMBER(L44),FLOOR(MAX(L44*24,0),0.5),0)) -> 0 | R44: =COUNTIF(F44:L44,"ABS") -> 0 | S44: =COUNTIF(F44:L44,"Congé")+COUNTIF(F44:L44,"CSS")*0+COUNTIF(F44:L44,"CM")*0 -> 0 | T44: =COUNTIF(F44:L44,"Férié") -> 0 | U44: =O44+P44+Q44+(T44*8.5) -> 46 | V44: =IF(COUNTIF(F44:L44,"STC")>0,"STC",IF(OR(IFERROR(ISNUMBER(SEARCH("!",F44)),FALSE),IFERROR(ISNUMBER(SEARCH("!",G44)),FALSE),IFERROR(ISNUMBER(SEARCH("!",H44)),FALSE),IFERROR(ISNUMBER(SEARCH("!",I44)),FALSE),IFERROR(ISNUMBER(SEARCH("!",J44)),FALSE),IFERROR(ISNUMBER(SEARCH("!",K44)),FALSE),IFERROR(ISNUMBER(SEARCH("!",L44)),FALSE)),"À vérifier","OK")) -> OK
A45: 0016 | B45: EZZEDINI | C45: HASSEN | D45: 02. Production | E45: MOI | F45: 0.33333333 | G45: 0.33333333 | H45: 0.39583333 | I45: 0.375 | J45: 0.39583333 | K45: repos | L45: repos | M45: =48 -> 48 | N45: =SUM(F45:L45)*24 -> 44 | O45: =IF(COUNTIF(PARAMETRES_REGIMES!$A$3:$A$100,$A45)>0,MIN(M45,SUM(F45:L45)*24),MIN(M45,SUM(F45:K45)*24)) -> 44 | P45: =IF(COUNTIF(PARAMETRES_REGIMES!$A$3:$A$100,$A45)>0,FLOOR(MAX(SUM(F45:L45)*24-M45,0),0.5),FLOOR(MAX(SUM(F45:K45)*24-M45,0),0.5)) -> 0 | Q45: =IF(COUNTIF(PARAMETRES_REGIMES!$A$3:$A$100,$A45)>0,0,IF(ISNUMBER(L45),FLOOR(MAX(L45*24,0),0.5),0)) -> 0 | R45: =COUNTIF(F45:L45,"ABS") -> 0 | S45: =COUNTIF(F45:L45,"Congé")+COUNTIF(F45:L45,"CSS")*0+COUNTIF(F45:L45,"CM")*0 -> 0 | T45: =COUNTIF(F45:L45,"Férié") -> 0 | U45: =O45+P45+Q45+(T45*8.5) -> 44 | V45: =IF(COUNTIF(F45:L45,"STC")>0,"STC",IF(OR(IFERROR(ISNUMBER(SEARCH("!",F45)),FALSE),IFERROR(ISNUMBER(SEARCH("!",G45)),FALSE),IFERROR(ISNUMBER(SEARCH("!",H45)),FALSE),IFERROR(ISNUMBER(SEARCH("!",I45)),FALSE),IFERROR(ISNUMBER(SEARCH("!",J45)),FALSE),IFERROR(ISNUMBER(SEARCH("!",K45)),FALSE),IFERROR(ISNUMBER(SEARCH("!",L45)),FALSE)),"À vérifier","OK")) -> OK
A46: 0017 | B46: FERJANI | C46: MOKHLES | D46: 02. Production | E46: MOI | F46: 0.3125 | G46: 0.3125 | H46: 0.33333333 | I46: 0.375 | J46: 0.39583333 | K46: repos | L46: repos | M46: =48 -> 48 | N46: =SUM(F46:L46)*24 -> 41.5 | O46: =IF(COUNTIF(PARAMETRES_REGIMES!$A$3:$A$100,$A46)>0,MIN(M46,SUM(F46:L46)*24),MIN(M46,SUM(F46:K46)*24)) -> 41.5 | P46: =IF(COUNTIF(PARAMETRES_REGIMES!$A$3:$A$100,$A46)>0,FLOOR(MAX(SUM(F46:L46)*24-M46,0),0.5),FLOOR(MAX(SUM(F46:K46)*24-M46,0),0.5)) -> 0 | Q46: =IF(COUNTIF(PARAMETRES_REGIMES!$A$3:$A$100,$A46)>0,0,IF(ISNUMBER(L46),FLOOR(MAX(L46*24,0),0.5),0)) -> 0 | R46: =COUNTIF(F46:L46,"ABS") -> 0 | S46: =COUNTIF(F46:L46,"Congé")+COUNTIF(F46:L46,"CSS")*0+COUNTIF(F46:L46,"CM")*0 -> 0 | T46: =COUNTIF(F46:L46,"Férié") -> 0 | U46: =O46+P46+Q46+(T46*8.5) -> 41.5 | V46: =IF(COUNTIF(F46:L46,"STC")>0,"STC",IF(OR(IFERROR(ISNUMBER(SEARCH("!",F46)),FALSE),IFERROR(ISNUMBER(SEARCH("!",G46)),FALSE),IFERROR(ISNUMBER(SEARCH("!",H46)),FALSE),IFERROR(ISNUMBER(SEARCH("!",I46)),FALSE),IFERROR(ISNUMBER(SEARCH("!",J46)),FALSE),IFERROR(ISNUMBER(SEARCH("!",K46)),FALSE),IFERROR(ISNUMBER(SEARCH("!",L46)),FALSE)),"À vérifier","OK")) -> OK
A47: 0019 | B47: TRIMECHE | C47: CHAIMA | D47: 01. Direction | E47: MOI | F47: 0.375 | G47: 0.375 | H47: 0.375 | I47: 0.39583333 | J47: 0.375 | K47: repos | L47: repos | M47: =48 -> 48 | N47: =SUM(F47:L47)*24 -> 45.5 | O47: =IF(COUNTIF(PARAMETRES_REGIMES!$A$3:$A$100,$A47)>0,MIN(M47,SUM(F47:L47)*24),MIN(M47,SUM(F47:K47)*24)) -> 45.5 | P47: =IF(COUNTIF(PARAMETRES_REGIMES!$A$3:$A$100,$A47)>0,FLOOR(MAX(SUM(F47:L47)*24-M47,0),0.5),FLOOR(MAX(SUM(F47:K47)*24-M47,0),0.5)) -> 0 | Q47: =IF(COUNTIF(PARAMETRES_REGIMES!$A$3:$A$100,$A47)>0,0,IF(ISNUMBER(L47),FLOOR(MAX(L47*24,0),0.5),0)) -> 0 | R47: =COUNTIF(F47:L47,"ABS") -> 0 | S47: =COUNTIF(F47:L47,"Congé")+COUNTIF(F47:L47,"CSS")*0+COUNTIF(F47:L47,"CM")*0 -> 0 | T47: =COUNTIF(F47:L47,"Férié") -> 0 | U47: =O47+P47+Q47+(T47*8.5) -> 45.5 | V47: =IF(COUNTIF(F47:L47,"STC")>0,"STC",IF(OR(IFERROR(ISNUMBER(SEARCH("!",F47)),FALSE),IFERROR(ISNUMBER(SEARCH("!",G47)),FALSE),IFERROR(ISNUMBER(SEARCH("!",H47)),FALSE),IFERROR(ISNUMBER(SEARCH("!",I47)),FALSE),IFERROR(ISNUMBER(SEARCH("!",J47)),FALSE),IFERROR(ISNUMBER(SEARCH("!",K47)),FALSE),IFERROR(ISNUMBER(SEARCH("!",L47)),FALSE)),"À vérifier","OK")) -> OK
A48: 0020 | B48: LAAYOUNI | C48: ANOUAR | D48: 04. Maintenance | E48: MOI | F48: 0.375 | G48: 0.375 | H48: 0.39583333 | I48: 0.375 | J48: 0.39583333 | K48: repos | L48: repos | M48: =48 -> 48 | N48: =SUM(F48:L48)*24 -> 46 | O48: =IF(COUNTIF(PARAMETRES_REGIMES!$A$3:$A$100,$A48)>0,MIN(M48,SUM(F48:L48)*24),MIN(M48,SUM(F48:K48)*24)) -> 46 | P48: =IF(COUNTIF(PARAMETRES_REGIMES!$A$3:$A$100,$A48)>0,FLOOR(MAX(SUM(F48:L48)*24-M48,0),0.5),FLOOR(MAX(SUM(F48:K48)*24-M48,0),0.5)) -> 0 | Q48: =IF(COUNTIF(PARAMETRES_REGIMES!$A$3:$A$100,$A48)>0,0,IF(ISNUMBER(L48),FLOOR(MAX(L48*24,0),0.5),0)) -> 0 | R48: =COUNTIF(F48:L48,"ABS") -> 0 | S48: =COUNTIF(F48:L48,"Congé")+COUNTIF(F48:L48,"CSS")*0+COUNTIF(F48:L48,"CM")*0 -> 0 | T48: =COUNTIF(F48:L48,"Férié") -> 0 | U48: =O48+P48+Q48+(T48*8.5) -> 46 | V48: =IF(COUNTIF(F48:L48,"STC")>0,"STC",IF(OR(IFERROR(ISNUMBER(SEARCH("!",F48)),FALSE),IFERROR(ISNUMBER(SEARCH("!",G48)),FALSE),IFERROR(ISNUMBER(SEARCH("!",H48)),FALSE),IFERROR(ISNUMBER(SEARCH("!",I48)),FALSE),IFERROR(ISNUMBER(SEARCH("!",J48)),FALSE),IFERROR(ISNUMBER(SEARCH("!",K48)),FALSE),IFERROR(ISNUMBER(SEARCH("!",L48)),FALSE)),"À vérifier","OK")) -> OK
A49: 0022 | B49: AMAMOU | C49: ALI | D49: 02. Production | E49: MOI | F49: 0.39583333 | G49: 0.375 | H49: 0.39583333 | I49: 0.375 | J49: 0.27083333 | K49: repos | L49: repos | M49: =48 -> 48 | N49: =SUM(F49:L49)*24 -> 43.5 | O49: =IF(COUNTIF(PARAMETRES_REGIMES!$A$3:$A$100,$A49)>0,MIN(M49,SUM(F49:L49)*24),MIN(M49,SUM(F49:K49)*24)) -> 43.5 | P49: =IF(COUNTIF(PARAMETRES_REGIMES!$A$3:$A$100,$A49)>0,FLOOR(MAX(SUM(F49:L49)*24-M49,0),0.5),FLOOR(MAX(SUM(F49:K49)*24-M49,0),0.5)) -> 0 | Q49: =IF(COUNTIF(PARAMETRES_REGIMES!$A$3:$A$100,$A49)>0,0,IF(ISNUMBER(L49),FLOOR(MAX(L49*24,0),0.5),0)) -> 0 | R49: =COUNTIF(F49:L49,"ABS") -> 0 | S49: =COUNTIF(F49:L49,"Congé")+COUNTIF(F49:L49,"CSS")*0+COUNTIF(F49:L49,"CM")*0 -> 0 | T49: =COUNTIF(F49:L49,"Férié") -> 0 | U49: =O49+P49+Q49+(T49*8.5) -> 43.5 | V49: =IF(COUNTIF(F49:L49,"STC")>0,"STC",IF(OR(IFERROR(ISNUMBER(SEARCH("!",F49)),FALSE),IFERROR(ISNUMBER(SEARCH("!",G49)),FALSE),IFERROR(ISNUMBER(SEARCH("!",H49)),FALSE),IFERROR(ISNUMBER(SEARCH("!",I49)),FALSE),IFERROR(ISNUMBER(SEARCH("!",J49)),FALSE),IFERROR(ISNUMBER(SEARCH("!",K49)),FALSE),IFERROR(ISNUMBER(SEARCH("!",L49)),FALSE)),"À vérifier","OK")) -> OK
A50: 0023 | B50: TLILI | C50: ABDELMAJID | D50: 02. Production | E50: MOI | F50: 0.29166667 | G50: 0.39583333 | H50: 0.39583333 | I50: 0.375 | J50: 0.39583333 | K50: repos | L50: repos | M50: =48 -> 48 | N50: =SUM(F50:L50)*24 -> 44.5 | O50: =IF(COUNTIF(PARAMETRES_REGIMES!$A$3:$A$100,$A50)>0,MIN(M50,SUM(F50:L50)*24),MIN(M50,SUM(F50:K50)*24)) -> 44.5 | P50: =IF(COUNTIF(PARAMETRES_REGIMES!$A$3:$A$100,$A50)>0,FLOOR(MAX(SUM(F50:L50)*24-M50,0),0.5),FLOOR(MAX(SUM(F50:K50)*24-M50,0),0.5)) -> 0 | Q50: =IF(COUNTIF(PARAMETRES_REGIMES!$A$3:$A$100,$A50)>0,0,IF(ISNUMBER(L50),FLOOR(MAX(L50*24,0),0.5),0)) -> 0 | R50: =COUNTIF(F50:L50,"ABS") -> 0 | S50: =COUNTIF(F50:L50,"Congé")+COUNTIF(F50:L50,"CSS")*0+COUNTIF(F50:L50,"CM")*0 -> 0 | T50: =COUNTIF(F50:L50,"Férié") -> 0 | U50: =O50+P50+Q50+(T50*8.5) -> 44.5 | V50: =IF(COUNTIF(F50:L50,"STC")>0,"STC",IF(OR(IFERROR(ISNUMBER(SEARCH("!",F50)),FALSE),IFERROR(ISNUMBER(SEARCH("!",G50)),FALSE),IFERROR(ISNUMBER(SEARCH("!",H50)),FALSE),IFERROR(ISNUMBER(SEARCH("!",I50)),FALSE),IFERROR(ISNUMBER(SEARCH("!",J50)),FALSE),IFERROR(ISNUMBER(SEARCH("!",K50)),FALSE),IFERROR(ISNUMBER(SEARCH("!",L50)),FALSE)),"À vérifier","OK")) -> OK
A51: 0024 | B51: DRIDI | C51: SLAH | D51: 04. Maintenance | E51: MOI | F51: 0.375 | G51: 0.39583333 | H51: 0.39583333 | I51: 0.375 | J51: 0.375 | K51: repos | L51: repos | M51: =48 -> 48 | N51: =SUM(F51:L51)*24 -> 46 | O51: =IF(COUNTIF(PARAMETRES_REGIMES!$A$3:$A$100,$A51)>0,MIN(M51,SUM(F51:L51)*24),MIN(M51,SUM(F51:K51)*24)) -> 46 | P51: =IF(COUNTIF(PARAMETRES_REGIMES!$A$3:$A$100,$A51)>0,FLOOR(MAX(SUM(F51:L51)*24-M51,0),0.5),FLOOR(MAX(SUM(F51:K51)*24-M51,0),0.5)) -> 0 | Q51: =IF(COUNTIF(PARAMETRES_REGIMES!$A$3:$A$100,$A51)>0,0,IF(ISNUMBER(L51),FLOOR(MAX(L51*24,0),0.5),0)) -> 0 | R51: =COUNTIF(F51:L51,"ABS") -> 0 | S51: =COUNTIF(F51:L51,"Congé")+COUNTIF(F51:L51,"CSS")*0+COUNTIF(F51:L51,"CM")*0 -> 0 | T51: =COUNTIF(F51:L51,"Férié") -> 0 | U51: =O51+P51+Q51+(T51*8.5) -> 46 | V51: =IF(COUNTIF(F51:L51,"STC")>0,"STC",IF(OR(IFERROR(ISNUMBER(SEARCH("!",F51)),FALSE),IFERROR(ISNUMBER(SEARCH("!",G51)),FALSE),IFERROR(ISNUMBER(SEARCH("!",H51)),FALSE),IFERROR(ISNUMBER(SEARCH("!",I51)),FALSE),IFERROR(ISNUMBER(SEARCH("!",J51)),FALSE),IFERROR(ISNUMBER(SEARCH("!",K51)),FALSE),IFERROR(ISNUMBER(SEARCH("!",L51)),FALSE)),"À vérifier","OK")) -> OK
A52: 0025 | B52: JABNOUN | C52: MOUNA | D52: 01. Direction | E52: MOI | F52: 0.3125 | G52: 0.375 | H52: 0.39583333 | I52: 0.33333333 | J52: 0.375 | K52: repos | L52: repos | M52: =48 -> 48 | N52: =SUM(F52:L52)*24 -> 43 | O52: =IF(COUNTIF(PARAMETRES_REGIMES!$A$3:$A$100,$A52)>0,MIN(M52,SUM(F52:L52)*24),MIN(M52,SUM(F52:K52)*24)) -> 43 | P52: =IF(COUNTIF(PARAMETRES_REGIMES!$A$3:$A$100,$A52)>0,FLOOR(MAX(SUM(F52:L52)*24-M52,0),0.5),FLOOR(MAX(SUM(F52:K52)*24-M52,0),0.5)) -> 0 | Q52: =IF(COUNTIF(PARAMETRES_REGIMES!$A$3:$A$100,$A52)>0,0,IF(ISNUMBER(L52),FLOOR(MAX(L52*24,0),0.5),0)) -> 0 | R52: =COUNTIF(F52:L52,"ABS") -> 0 | S52: =COUNTIF(F52:L52,"Congé")+COUNTIF(F52:L52,"CSS")*0+COUNTIF(F52:L52,"CM")*0 -> 0 | T52: =COUNTIF(F52:L52,"Férié") -> 0 | U52: =O52+P52+Q52+(T52*8.5) -> 43 | V52: =IF(COUNTIF(F52:L52,"STC")>0,"STC",IF(OR(IFERROR(ISNUMBER(SEARCH("!",F52)),FALSE),IFERROR(ISNUMBER(SEARCH("!",G52)),FALSE),IFERROR(ISNUMBER(SEARCH("!",H52)),FALSE),IFERROR(ISNUMBER(SEARCH("!",I52)),FALSE),IFERROR(ISNUMBER(SEARCH("!",J52)),FALSE),IFERROR(ISNUMBER(SEARCH("!",K52)),FALSE),IFERROR(ISNUMBER(SEARCH("!",L52)),FALSE)),"À vérifier","OK")) -> OK
A53: 0029 | B53: CHAIMA | C53: MASSOUDI | D53: 03. Qualité | E53: MOI | F53: 0.39583333 | G53: 0.39583333 | H53: 0.39583333 | I53: 0.39583333 | J53: 0.39583333 | K53: repos | L53: repos | M53: =48 -> 48 | N53: =SUM(F53:L53)*24 -> 47.5 | O53: =IF(COUNTIF(PARAMETRES_REGIMES!$A$3:$A$100,$A53)>0,MIN(M53,SUM(F53:L53)*24),MIN(M53,SUM(F53:K53)*24)) -> 47.5 | P53: =IF(COUNTIF(PARAMETRES_REGIMES!$A$3:$A$100,$A53)>0,FLOOR(MAX(SUM(F53:L53)*24-M53,0),0.5),FLOOR(MAX(SUM(F53:K53)*24-M53,0),0.5)) -> 0 | Q53: =IF(COUNTIF(PARAMETRES_REGIMES!$A$3:$A$100,$A53)>0,0,IF(ISNUMBER(L53),FLOOR(MAX(L53*24,0),0.5),0)) -> 0 | R53: =COUNTIF(F53:L53,"ABS") -> 0 | S53: =COUNTIF(F53:L53,"Congé")+COUNTIF(F53:L53,"CSS")*0+COUNTIF(F53:L53,"CM")*0 -> 0 | T53: =COUNTIF(F53:L53,"Férié") -> 0 | U53: =O53+P53+Q53+(T53*8.5) -> 47.5 | V53: =IF(COUNTIF(F53:L53,"STC")>0,"STC",IF(OR(IFERROR(ISNUMBER(SEARCH("!",F53)),FALSE),IFERROR(ISNUMBER(SEARCH("!",G53)),FALSE),IFERROR(ISNUMBER(SEARCH("!",H53)),FALSE),IFERROR(ISNUMBER(SEARCH("!",I53)),FALSE),IFERROR(ISNUMBER(SEARCH("!",J53)),FALSE),IFERROR(ISNUMBER(SEARCH("!",K53)),FALSE),IFERROR(ISNUMBER(SEARCH("!",L53)),FALSE)),"À vérifier","OK")) -> OK
... A55: 0033 | B55: EYA | C55: OUERTATANI | D55: 03. Qualité | E55: MOD | F55: 0.39583333 | G55: 0.39583333 | H55: 0.39583333 | I55: 0.39583333 | J55: 0.39583333 | K55: repos | L55: repos | M55: =48 -> 48 | N55: =SUM(F55:L55)*24 -> 47.5 | O55: =IF(COUNTIF(PARAMETRES_REGIMES!$A$3:$A$100,$A55)>0,MIN(M55,SUM(F55:L55)*24),MIN(M55,SUM(F55:K55)*24)) -> 47.5 | P55: =IF(COUNTIF(PARAMETRES_REGIMES!$A$3:$A$100,$A55)>0,FLOOR(MAX(SUM(F55:L55)*24-M55,0),0.5),FLOOR(MAX(SUM(F55:K55)*24-M55,0),0.5)) -> 0 | Q55: =IF(COUNTIF(PARAMETRES_REGIMES!$A$3:$A$100,$A55)>0,0,IF(ISNUMBER(L55),FLOOR(MAX(L55*24,0),0.5),0)) -> 0 | R55: =COUNTIF(F55:L55,"ABS") -> 0 | S55: =COUNTIF(F55:L55,"Congé")+COUNTIF(F55:L55,"CSS")*0+COUNTIF(F55:L55,"CM")*0 -> 0 | T55: =COUNTIF(F55:L55,"Férié") -> 0 | U55: =O55+P55+Q55+(T55*8.5) -> 47.5 | V55: =IF(COUNTIF(F55:L55,"STC")>0,"STC",IF(OR(IFERROR(ISNUMBER(SEARCH("!",F55)),FALSE),IFERROR(ISNUMBER(SEARCH("!",G55)),FALSE),IFERROR(ISNUMBER(SEARCH("!",H55)),FALSE),IFERROR(ISNUMBER(SEARCH("!",I55)),FALSE),IFERROR(ISNUMBER(SEARCH("!",J55)),FALSE),IFERROR(ISNUMBER(SEARCH("!",K55)),FALSE),IFERROR(ISNUMBER(SEARCH("!",L55)),FALSE)),"À vérifier","OK")) -> OK
A56: 0047 | B56: ASSADI | C56: HAJER | D56: 02. Production | E56: MOD | F56: 0.33333333 | G56: 0.33333333 | H56: 0.39583333 | I56: ABS | J56: 0.33333333 | K56: repos | L56: repos | M56: =48 -> 48 | N56: =SUM(F56:L56)*24 -> 33.5 | O56: =IF(COUNTIF(PARAMETRES_REGIMES!$A$3:$A$100,$A56)>0,MIN(M56,SUM(F56:L56)*24),MIN(M56,SUM(F56:K56)*24)) -> 33.5 | P56: =IF(COUNTIF(PARAMETRES_REGIMES!$A$3:$A$100,$A56)>0,FLOOR(MAX(SUM(F56:L56)*24-M56,0),0.5),FLOOR(MAX(SUM(F56:K56)*24-M56,0),0.5)) -> 0 | Q56: =IF(COUNTIF(PARAMETRES_REGIMES!$A$3:$A$100,$A56)>0,0,IF(ISNUMBER(L56),FLOOR(MAX(L56*24,0),0.5),0)) -> 0 | R56: =COUNTIF(F56:L56,"ABS") -> 1 | S56: =COUNTIF(F56:L56,"Congé")+COUNTIF(F56:L56,"CSS")*0+COUNTIF(F56:L56,"CM")*0 -> 0 | T56: =COUNTIF(F56:L56,"Férié") -> 0 | U56: =O56+P56+Q56+(T56*8.5) -> 33.5 | V56: =IF(COUNTIF(F56:L56,"STC")>0,"STC",IF(OR(IFERROR(ISNUMBER(SEARCH("!",F56)),FALSE),IFERROR(ISNUMBER(SEARCH("!",G56)),FALSE),IFERROR(ISNUMBER(SEARCH("!",H56)),FALSE),IFERROR(ISNUMBER(SEARCH("!",I56)),FALSE),IFERROR(ISNUMBER(SEARCH("!",J56)),FALSE),IFERROR(ISNUMBER(SEARCH("!",K56)),FALSE),IFERROR(ISNUMBER(SEARCH("!",L56)),FALSE)),"À vérifier","OK")) -> OK
A57: 0052 | B57: CHEDLY | C57: LAMIS | D57: 02. Production | E57: MOD | F57: STC | G57: STC | H57: STC | I57: STC | J57: STC | K57: repos | L57: repos | M57: =48 -> 48 | N57: =SUM(F57:L57)*24 -> 0 | O57: =IF(COUNTIF(PARAMETRES_REGIMES!$A$3:$A$100,$A57)>0,MIN(M57,SUM(F57:L57)*24),MIN(M57,SUM(F57:K57)*24)) -> 0 | P57: =IF(COUNTIF(PARAMETRES_REGIMES!$A$3:$A$100,$A57)>0,FLOOR(MAX(SUM(F57:L57)*24-M57,0),0.5),FLOOR(MAX(SUM(F57:K57)*24-M57,0),0.5)) -> 0 | Q57: =IF(COUNTIF(PARAMETRES_REGIMES!$A$3:$A$100,$A57)>0,0,IF(ISNUMBER(L57),FLOOR(MAX(L57*24,0),0.5),0)) -> 0 | R57: =COUNTIF(F57:L57,"ABS") -> 0 | S57: =COUNTIF(F57:L57,"Congé")+COUNTIF(F57:L57,"CSS")*0+COUNTIF(F57:L57,"CM")*0 -> 0 | T57: =COUNTIF(F57:L57,"Férié") -> 0 | U57: =O57+P57+Q57+(T57*8.5) -> 0 | V57: =IF(COUNTIF(F57:L57,"STC")>0,"STC",IF(OR(IFERROR(ISNUMBER(SEARCH("!",F57)),FALSE),IFERROR(ISNUMBER(SEARCH("!",G57)),FALSE),IFERROR(ISNUMBER(SEARCH("!",H57)),FALSE),IFERROR(ISNUMBER(SEARCH("!",I57)),FALSE),IFERROR(ISNUMBER(SEARCH("!",J57)),FALSE),IFERROR(ISNUMBER(SEARCH("!",K57)),FALSE),IFERROR(ISNUMBER(SEARCH("!",L57)),FALSE)),"À vérifier","OK")) -> STC
A58: 0061 | B58: CHENCHEN | C58: MANEL | D58: 02. Production | E58: MOD | F58: STC | G58: STC | H58: STC | I58: STC | J58: STC | K58: repos | L58: repos | M58: =48 -> 48 | N58: =SUM(F58:L58)*24 -> 0 | O58: =IF(COUNTIF(PARAMETRES_REGIMES!$A$3:$A$100,$A58)>0,MIN(M58,SUM(F58:L58)*24),MIN(M58,SUM(F58:K58)*24)) -> 0 | P58: =IF(COUNTIF(PARAMETRES_REGIMES!$A$3:$A$100,$A58)>0,FLOOR(MAX(SUM(F58:L58)*24-M58,0),0.5),FLOOR(MAX(SUM(F58:K58)*24-M58,0),0.5)) -> 0 | Q58: =IF(COUNTIF(PARAMETRES_REGIMES!$A$3:$A$100,$A58)>0,0,IF(ISNUMBER(L58),FLOOR(MAX(L58*24,0),0.5),0)) -> 0 | R58: =COUNTIF(F58:L58,"ABS") -> 0 | S58: =COUNTIF(F58:L58,"Congé")+COUNTIF(F58:L58,"CSS")*0+COUNTIF(F58:L58,"CM")*0 -> 0 | T58: =COUNTIF(F58:L58,"Férié") -> 0 | U58: =O58+P58+Q58+(T58*8.5) -> 0 | V58: =IF(COUNTIF(F58:L58,"STC")>0,"STC",IF(OR(IFERROR(ISNUMBER(SEARCH("!",F58)),FALSE),IFERROR(ISNUMBER(SEARCH("!",G58)),FALSE),IFERROR(ISNUMBER(SEARCH("!",H58)),FALSE),IFERROR(ISNUMBER(SEARCH("!",I58)),FALSE),IFERROR(ISNUMBER(SEARCH("!",J58)),FALSE),IFERROR(ISNUMBER(SEARCH("!",K58)),FALSE),IFERROR(ISNUMBER(SEARCH("!",L58)),FALSE)),"À vérifier","OK")) -> STC
A59: 0066 | B59: ZAAG | C59: NAOURES | D59: 03. Qualité | E59: MOI | F59: 0.39583333 | G59: 0.41666667 | H59: 0.41666667 | I59: 0.39583333 | J59: 0.39583333 | K59: repos | L59: repos | M59: =48 -> 48 | N59: =SUM(F59:L59)*24 -> 48.5 | O59: =IF(COUNTIF(PARAMETRES_REGIMES!$A$3:$A$100,$A59)>0,MIN(M59,SUM(F59:L59)*24),MIN(M59,SUM(F59:K59)*24)) -> 48 | P59: =IF(COUNTIF(PARAMETRES_REGIMES!$A$3:$A$100,$A59)>0,FLOOR(MAX(SUM(F59:L59)*24-M59,0),0.5),FLOOR(MAX(SUM(F59:K59)*24-M59,0),0.5)) -> 0.5 | Q59: =IF(COUNTIF(PARAMETRES_REGIMES!$A$3:$A$100,$A59)>0,0,IF(ISNUMBER(L59),FLOOR(MAX(L59*24,0),0.5),0)) -> 0 | R59: =COUNTIF(F59:L59,"ABS") -> 0 | S59: =COUNTIF(F59:L59,"Congé")+COUNTIF(F59:L59,"CSS")*0+COUNTIF(F59:L59,"CM")*0 -> 0 | T59: =COUNTIF(F59:L59,"Férié") -> 0 | U59: =O59+P59+Q59+(T59*8.5) -> 48.5 | V59: =IF(COUNTIF(F59:L59,"STC")>0,"STC",IF(OR(IFERROR(ISNUMBER(SEARCH("!",F59)),FALSE),IFERROR(ISNUMBER(SEARCH("!",G59)),FALSE),IFERROR(ISNUMBER(SEARCH("!",H59)),FALSE),IFERROR(ISNUMBER(SEARCH("!",I59)),FALSE),IFERROR(ISNUMBER(SEARCH("!",J59)),FALSE),IFERROR(ISNUMBER(SEARCH("!",K59)),FALSE),IFERROR(ISNUMBER(SEARCH("!",L59)),FALSE)),"À vérifier","OK")) -> OK
A60: 0067 | B60: LADJIMI | C60: MAROUEN | D60: 02. Production | E60: MOD | F60: 0.39583333 | G60: 0.39583333 | H60: 0.39583333 | I60: 0.39583333 | J60: ABS | K60: repos | L60: repos | M60: =48 -> 48 | N60: =SUM(F60:L60)*24 -> 38 | O60: =IF(COUNTIF(PARAMETRES_REGIMES!$A$3:$A$100,$A60)>0,MIN(M60,SUM(F60:L60)*24),MIN(M60,SUM(F60:K60)*24)) -> 38 | P60: =IF(COUNTIF(PARAMETRES_REGIMES!$A$3:$A$100,$A60)>0,FLOOR(MAX(SUM(F60:L60)*24-M60,0),0.5),FLOOR(MAX(SUM(F60:K60)*24-M60,0),0.5)) -> 0 | Q60: =IF(COUNTIF(PARAMETRES_REGIMES!$A$3:$A$100,$A60)>0,0,IF(ISNUMBER(L60),FLOOR(MAX(L60*24,0),0.5),0)) -> 0 | R60: =COUNTIF(F60:L60,"ABS") -> 1 | S60: =COUNTIF(F60:L60,"Congé")+COUNTIF(F60:L60,"CSS")*0+COUNTIF(F60:L60,"CM")*0 -> 0 | T60: =COUNTIF(F60:L60,"Férié") -> 0 | U60: =O60+P60+Q60+(T60*8.5) -> 38 | V60: =IF(COUNTIF(F60:L60,"STC")>0,"STC",IF(OR(IFERROR(ISNUMBER(SEARCH("!",F60)),FALSE),IFERROR(ISNUMBER(SEARCH("!",G60)),FALSE),IFERROR(ISNUMBER(SEARCH("!",H60)),FALSE),IFERROR(ISNUMBER(SEARCH("!",I60)),FALSE),IFERROR(ISNUMBER(SEARCH("!",J60)),FALSE),IFERROR(ISNUMBER(SEARCH("!",K60)),FALSE),IFERROR(ISNUMBER(SEARCH("!",L60)),FALSE)),"À vérifier","OK")) -> OK
A61: 0081 | B61: LAKHEL | C61: MOHAMED | D61: 01. Direction | E61: MOI | F61: 0.39583333 | G61: 0.39583333 | H61: 0.39583333 | I61: 0.4375 | J61: 0.375 | K61: repos | L61: repos | M61: =48 -> 48 | N61: =SUM(F61:L61)*24 -> 48 | O61: =IF(COUNTIF(PARAMETRES_REGIMES!$A$3:$A$100,$A61)>0,MIN(M61,SUM(F61:L61)*24),MIN(M61,SUM(F61:K61)*24)) -> 48 | P61: =IF(COUNTIF(PARAMETRES_REGIMES!$A$3:$A$100,$A61)>0,FLOOR(MAX(SUM(F61:L61)*24-M61,0),0.5),FLOOR(MAX(SUM(F61:K61)*24-M61,0),0.5)) -> 0 | Q61: =IF(COUNTIF(PARAMETRES_REGIMES!$A$3:$A$100,$A61)>0,0,IF(ISNUMBER(L61),FLOOR(MAX(L61*24,0),0.5),0)) -> 0 | R61: =COUNTIF(F61:L61,"ABS") -> 0 | S61: =COUNTIF(F61:L61,"Congé")+COUNTIF(F61:L61,"CSS")*0+COUNTIF(F61:L61,"CM")*0 -> 0 | T61: =COUNTIF(F61:L61,"Férié") -> 0 | U61: =O61+P61+Q61+(T61*8.5) -> 48 | V61: =IF(COUNTIF(F61:L61,"STC")>0,"STC",IF(OR(IFERROR(ISNUMBER(SEARCH("!",F61)),FALSE),IFERROR(ISNUMBER(SEARCH("!",G61)),FALSE),IFERROR(ISNUMBER(SEARCH("!",H61)),FALSE),IFERROR(ISNUMBER(SEARCH("!",I61)),FALSE),IFERROR(ISNUMBER(SEARCH("!",J61)),FALSE),IFERROR(ISNUMBER(SEARCH("!",K61)),FALSE),IFERROR(ISNUMBER(SEARCH("!",L61)),FALSE)),"À vérifier","OK")) -> OK
A62: 0092 | B62: MANAI | C62: SARRA | D62: 02. Production | E62: MOD | F62: 0.39583333 | G62: 0.39583333 | H62: 0.39583333 | I62: 0.39583333 | J62: 0.39583333 | K62: repos | L62: repos | M62: =48 -> 48 | N62: =SUM(F62:L62)*24 -> 47.5 | O62: =IF(COUNTIF(PARAMETRES_REGIMES!$A$3:$A$100,$A62)>0,MIN(M62,SUM(F62:L62)*24),MIN(M62,SUM(F62:K62)*24)) -> 47.5 | P62: =IF(COUNTIF(PARAMETRES_REGIMES!$A$3:$A$100,$A62)>0,FLOOR(MAX(SUM(F62:L62)*24-M62,0),0.5),FLOOR(MAX(SUM(F62:K62)*24-M62,0),0.5)) -> 0 | Q62: =IF(COUNTIF(PARAMETRES_REGIMES!$A$3:$A$100,$A62)>0,0,IF(ISNUMBER(L62),FLOOR(MAX(L62*24,0),0.5),0)) -> 0 | R62: =COUNTIF(F62:L62,"ABS") -> 0 | S62: =COUNTIF(F62:L62,"Congé")+COUNTIF(F62:L62,"CSS")*0+COUNTIF(F62:L62,"CM")*0 -> 0 | T62: =COUNTIF(F62:L62,"Férié") -> 0 | U62: =O62+P62+Q62+(T62*8.5) -> 47.5 | V62: =IF(COUNTIF(F62:L62,"STC")>0,"STC",IF(OR(IFERROR(ISNUMBER(SEARCH("!",F62)),FALSE),IFERROR(ISNUMBER(SEARCH("!",G62)),FALSE),IFERROR(ISNUMBER(SEARCH("!",H62)),FALSE),IFERROR(ISNUMBER(SEARCH("!",I62)),FALSE),IFERROR(ISNUMBER(SEARCH("!",J62)),FALSE),IFERROR(ISNUMBER(SEARCH("!",K62)),FALSE),IFERROR(ISNUMBER(SEARCH("!",L62)),FALSE)),"À vérifier","OK")) -> OK
A63: 0093 | B63: BEN ABDELKADER | C63: HADIR | D63: 02. Production | E63: MOD | F63: 0.39583333 | G63: 0.39583333 | H63: 0.375 | I63: 0.39583333 | J63: 0.39583333 | K63: repos | L63: repos | M63: =48 -> 48 | N63: =SUM(F63:L63)*24 -> 47 | O63: =IF(COUNTIF(PARAMETRES_REGIMES!$A$3:$A$100,$A63)>0,MIN(M63,SUM(F63:L63)*24),MIN(M63,SUM(F63:K63)*24)) -> 47 | P63: =IF(COUNTIF(PARAMETRES_REGIMES!$A$3:$A$100,$A63)>0,FLOOR(MAX(SUM(F63:L63)*24-M63,0),0.5),FLOOR(MAX(SUM(F63:K63)*24-M63,0),0.5)) -> 0 | Q63: =IF(COUNTIF(PARAMETRES_REGIMES!$A$3:$A$100,$A63)>0,0,IF(ISNUMBER(L63),FLOOR(MAX(L63*24,0),0.5),0)) -> 0 | R63: =COUNTIF(F63:L63,"ABS") -> 0 | S63: =COUNTIF(F63:L63,"Congé")+COUNTIF(F63:L63,"CSS")*0+COUNTIF(F63:L63,"CM")*0 -> 0 | T63: =COUNTIF(F63:L63,"Férié") -> 0 | U63: =O63+P63+Q63+(T63*8.5) -> 47 | V63: =IF(COUNTIF(F63:L63,"STC")>0,"STC",IF(OR(IFERROR(ISNUMBER(SEARCH("!",F63)),FALSE),IFERROR(ISNUMBER(SEARCH("!",G63)),FALSE),IFERROR(ISNUMBER(SEARCH("!",H63)),FALSE),IFERROR(ISNUMBER(SEARCH("!",I63)),FALSE),IFERROR(ISNUMBER(SEARCH("!",J63)),FALSE),IFERROR(ISNUMBER(SEARCH("!",K63)),FALSE),IFERROR(ISNUMBER(SEARCH("!",L63)),FALSE)),"À vérifier","OK")) -> OK
A64: 0094 | B64: KHAMMAR | C64: MOUNA | D64: 02. Production | E64: MOD | F64: 0.39583333 | G64: 0.39583333 | H64: 0.39583333 | I64: 0.39583333 | J64: 0.41666667 | K64: repos | L64: repos | M64: =48 -> 48 | N64: =SUM(F64:L64)*24 -> 48 | O64: =IF(COUNTIF(PARAMETRES_REGIMES!$A$3:$A$100,$A64)>0,MIN(M64,SUM(F64:L64)*24),MIN(M64,SUM(F64:K64)*24)) -> 48 | P64: =IF(COUNTIF(PARAMETRES_REGIMES!$A$3:$A$100,$A64)>0,FLOOR(MAX(SUM(F64:L64)*24-M64,0),0.5),FLOOR(MAX(SUM(F64:K64)*24-M64,0),0.5)) -> 0 | Q64: =IF(COUNTIF(PARAMETRES_REGIMES!$A$3:$A$100,$A64)>0,0,IF(ISNUMBER(L64),FLOOR(MAX(L64*24,0),0.5),0)) -> 0 | R64: =COUNTIF(F64:L64,"ABS") -> 0 | S64: =COUNTIF(F64:L64,"Congé")+COUNTIF(F64:L64,"CSS")*0+COUNTIF(F64:L64,"CM")*0 -> 0 | T64: =COUNTIF(F64:L64,"Férié") -> 0 | U64: =O64+P64+Q64+(T64*8.5) -> 48 | V64: =IF(COUNTIF(F64:L64,"STC")>0,"STC",IF(OR(IFERROR(ISNUMBER(SEARCH("!",F64)),FALSE),IFERROR(ISNUMBER(SEARCH("!",G64)),FALSE),IFERROR(ISNUMBER(SEARCH("!",H64)),FALSE),IFERROR(ISNUMBER(SEARCH("!",I64)),FALSE),IFERROR(ISNUMBER(SEARCH("!",J64)),FALSE),IFERROR(ISNUMBER(SEARCH("!",K64)),FALSE),IFERROR(ISNUMBER(SEARCH("!",L64)),FALSE)),"À vérifier","OK")) -> OK
A65: 0100 | B65: MLAIKIA | C65: JAWAHER | D65: 06. RH | E65: MOI | F65: 0.39583333 | G65: 0.39583333 | H65: Congé | I65: 0.39583333 | J65: 0.39583333 | K65: repos | L65: repos | M65: =48 -> 48 | N65: =SUM(F65:L65)*24 -> 38 | O65: =IF(COUNTIF(PARAMETRES_REGIMES!$A$3:$A$100,$A65)>0,MIN(M65,SUM(F65:L65)*24),MIN(M65,SUM(F65:K65)*24)) -> 38 | P65: =IF(COUNTIF(PARAMETRES_REGIMES!$A$3:$A$100,$A65)>0,FLOOR(MAX(SUM(F65:L65)*24-M65,0),0.5),FLOOR(MAX(SUM(F65:K65)*24-M65,0),0.5)) -> 0 | Q65: =IF(COUNTIF(PARAMETRES_REGIMES!$A$3:$A$100,$A65)>0,0,IF(ISNUMBER(L65),FLOOR(MAX(L65*24,0),0.5),0)) -> 0 | R65: =COUNTIF(F65:L65,"ABS") -> 0 | S65: =COUNTIF(F65:L65,"Congé")+COUNTIF(F65:L65,"CSS")*0+COUNTIF(F65:L65,"CM")*0 -> 1 | T65: =COUNTIF(F65:L65,"Férié") -> 0 | U65: =O65+P65+Q65+(T65*8.5) -> 38 | V65: =IF(COUNTIF(F65:L65,"STC")>0,"STC",IF(OR(IFERROR(ISNUMBER(SEARCH("!",F65)),FALSE),IFERROR(ISNUMBER(SEARCH("!",G65)),FALSE),IFERROR(ISNUMBER(SEARCH("!",H65)),FALSE),IFERROR(ISNUMBER(SEARCH("!",I65)),FALSE),IFERROR(ISNUMBER(SEARCH("!",J65)),FALSE),IFERROR(ISNUMBER(SEARCH("!",K65)),FALSE),IFERROR(ISNUMBER(SEARCH("!",L65)),FALSE)),"À vérifier","OK")) -> OK
A66: 0100 | B66: BEN IBRAHIM | C66: MOHANNED | D66: 02. Production | E66: MOD | F66: 0.39583333 | G66: 0.39583333 | H66: 0.39583333 | I66: 0.39583333 | J66: 0.39583333 | K66: repos | L66: repos | M66: =48 -> 48 | N66: =SUM(F66:L66)*24 -> 47.5 | O66: =IF(COUNTIF(PARAMETRES_REGIMES!$A$3:$A$100,$A66)>0,MIN(M66,SUM(F66:L66)*24),MIN(M66,SUM(F66:K66)*24)) -> 47.5 | P66: =IF(COUNTIF(PARAMETRES_REGIMES!$A$3:$A$100,$A66)>0,FLOOR(MAX(SUM(F66:L66)*24-M66,0),0.5),FLOOR(MAX(SUM(F66:K66)*24-M66,0),0.5)) -> 0 | Q66: =IF(COUNTIF(PARAMETRES_REGIMES!$A$3:$A$100,$A66)>0,0,IF(ISNUMBER(L66),FLOOR(MAX(L66*24,0),0.5),0)) -> 0 | R66: =COUNTIF(F66:L66,"ABS") -> 0 | S66: =COUNTIF(F66:L66,"Congé")+COUNTIF(F66:L66,"CSS")*0+COUNTIF(F66:L66,"CM")*0 -> 0 | T66: =COUNTIF(F66:L66,"Férié") -> 0 | U66: =O66+P66+Q66+(T66*8.5) -> 47.5 | V66: =IF(COUNTIF(F66:L66,"STC")>0,"STC",IF(OR(IFERROR(ISNUMBER(SEARCH("!",F66)),FALSE),IFERROR(ISNUMBER(SEARCH("!",G66)),FALSE),IFERROR(ISNUMBER(SEARCH("!",H66)),FALSE),IFERROR(ISNUMBER(SEARCH("!",I66)),FALSE),IFERROR(ISNUMBER(SEARCH("!",J66)),FALSE),IFERROR(ISNUMBER(SEARCH("!",K66)),FALSE),IFERROR(ISNUMBER(SEARCH("!",L66)),FALSE)),"À vérifier","OK")) -> OK
A67: 0104 | B67: BEN IBRAHIM | C67: BADREDDINE | D67: 02. Production | E67: MOD | F67: 0.39583333 | G67: 0.39583333 | H67: 0.39583333 | I67: 0.39583333 | J67: 0.39583333 | K67: repos | L67: repos | M67: =48 -> 48 | N67: =SUM(F67:L67)*24 -> 47.5 | O67: =IF(COUNTIF(PARAMETRES_REGIMES!$A$3:$A$100,$A67)>0,MIN(M67,SUM(F67:L67)*24),MIN(M67,SUM(F67:K67)*24)) -> 47.5 | P67: =IF(COUNTIF(PARAMETRES_REGIMES!$A$3:$A$100,$A67)>0,FLOOR(MAX(SUM(F67:L67)*24-M67,0),0.5),FLOOR(MAX(SUM(F67:K67)*24-M67,0),0.5)) -> 0 | Q67: =IF(COUNTIF(PARAMETRES_REGIMES!$A$3:$A$100,$A67)>0,0,IF(ISNUMBER(L67),FLOOR(MAX(L67*24,0),0.5),0)) -> 0 | R67: =COUNTIF(F67:L67,"ABS") -> 0 | S67: =COUNTIF(F67:L67,"Congé")+COUNTIF(F67:L67,"CSS")*0+COUNTIF(F67:L67,"CM")*0 -> 0 | T67: =COUNTIF(F67:L67,"Férié") -> 0 | U67: =O67+P67+Q67+(T67*8.5) -> 47.5 | V67: =IF(COUNTIF(F67:L67,"STC")>0,"STC",IF(OR(IFERROR(ISNUMBER(SEARCH("!",F67)),FALSE),IFERROR(ISNUMBER(SEARCH("!",G67)),FALSE),IFERROR(ISNUMBER(SEARCH("!",H67)),FALSE),IFERROR(ISNUMBER(SEARCH("!",I67)),FALSE),IFERROR(ISNUMBER(SEARCH("!",J67)),FALSE),IFERROR(ISNUMBER(SEARCH("!",K67)),FALSE),IFERROR(ISNUMBER(SEARCH("!",L67)),FALSE)),"À vérifier","OK")) -> OK
A68: 0107 | B68: ABBES | C68: WALID | D68: 02. Production | E68: MOD | F68: 0.4375 | G68: 0.4375 | H68: 0.4375 | I68: 0.39583333 | J68: 0.41666667 | K68: repos | L68: repos | M68: =48 -> 48 | N68: =SUM(F68:L68)*24 -> 51 | O68: =IF(COUNTIF(PARAMETRES_REGIMES!$A$3:$A$100,$A68)>0,MIN(M68,SUM(F68:L68)*24),MIN(M68,SUM(F68:K68)*24)) -> 48 | P68: =IF(COUNTIF(PARAMETRES_REGIMES!$A$3:$A$100,$A68)>0,FLOOR(MAX(SUM(F68:L68)*24-M68,0),0.5),FLOOR(MAX(SUM(F68:K68)*24-M68,0),0.5)) -> 3 | Q68: =IF(COUNTIF(PARAMETRES_REGIMES!$A$3:$A$100,$A68)>0,0,IF(ISNUMBER(L68),FLOOR(MAX(L68*24,0),0.5),0)) -> 0 | R68: =COUNTIF(F68:L68,"ABS") -> 0 | S68: =COUNTIF(F68:L68,"Congé")+COUNTIF(F68:L68,"CSS")*0+COUNTIF(F68:L68,"CM")*0 -> 0 | T68: =COUNTIF(F68:L68,"Férié") -> 0 | U68: =O68+P68+Q68+(T68*8.5) -> 51 | V68: =IF(COUNTIF(F68:L68,"STC")>0,"STC",IF(OR(IFERROR(ISNUMBER(SEARCH("!",F68)),FALSE),IFERROR(ISNUMBER(SEARCH("!",G68)),FALSE),IFERROR(ISNUMBER(SEARCH("!",H68)),FALSE),IFERROR(ISNUMBER(SEARCH("!",I68)),FALSE),IFERROR(ISNUMBER(SEARCH("!",J68)),FALSE),IFERROR(ISNUMBER(SEARCH("!",K68)),FALSE),IFERROR(ISNUMBER(SEARCH("!",L68)),FALSE)),"À vérifier","OK")) -> OK
A69: 0109 | B69: DHIFALLAH | C69: INES | D69: 02. Production | E69: MOD | F69: 0.39583333 | G69: 0.39583333 | H69: 0.39583333 | I69: 0.39583333 | J69: 0.39583333 | K69: repos | L69: repos | M69: =48 -> 48 | N69: =SUM(F69:L69)*24 -> 47.5 | O69: =IF(COUNTIF(PARAMETRES_REGIMES!$A$3:$A$100,$A69)>0,MIN(M69,SUM(F69:L69)*24),MIN(M69,SUM(F69:K69)*24)) -> 47.5 | P69: =IF(COUNTIF(PARAMETRES_REGIMES!$A$3:$A$100,$A69)>0,FLOOR(MAX(SUM(F69:L69)*24-M69,0),0.5),FLOOR(MAX(SUM(F69:K69)*24-M69,0),0.5)) -> 0 | Q69: =IF(COUNTIF(PARAMETRES_REGIMES!$A$3:$A$100,$A69)>0,0,IF(ISNUMBER(L69),FLOOR(MAX(L69*24,0),0.5),0)) -> 0 | R69: =COUNTIF(F69:L69,"ABS") -> 0 | S69: =COUNTIF(F69:L69,"Congé")+COUNTIF(F69:L69,"CSS")*0+COUNTIF(F69:L69,"CM")*0 -> 0 | T69: =COUNTIF(F69:L69,"Férié") -> 0 | U69: =O69+P69+Q69+(T69*8.5) -> 47.5 | V69: =IF(COUNTIF(F69:L69,"STC")>0,"STC",IF(OR(IFERROR(ISNUMBER(SEARCH("!",F69)),FALSE),IFERROR(ISNUMBER(SEARCH("!",G69)),FALSE),IFERROR(ISNUMBER(SEARCH("!",H69)),FALSE),IFERROR(ISNUMBER(SEARCH("!",I69)),FALSE),IFERROR(ISNUMBER(SEARCH("!",J69)),FALSE),IFERROR(ISNUMBER(SEARCH("!",K69)),FALSE),IFERROR(ISNUMBER(SEARCH("!",L69)),FALSE)),"À vérifier","OK")) -> OK
A70: 0111 | B70: GARHELAL | C70: AZZA | D70: 02. Production | E70: MOD | F70: 0.29166667 | G70: 0.375 | H70: ABS | I70: ABS | J70: ABS | K70: repos | L70: repos | M70: =48 -> 48 | N70: =SUM(F70:L70)*24 -> 16 | O70: =IF(COUNTIF(PARAMETRES_REGIMES!$A$3:$A$100,$A70)>0,MIN(M70,SUM(F70:L70)*24),MIN(M70,SUM(F70:K70)*24)) -> 16 | P70: =IF(COUNTIF(PARAMETRES_REGIMES!$A$3:$A$100,$A70)>0,FLOOR(MAX(SUM(F70:L70)*24-M70,0),0.5),FLOOR(MAX(SUM(F70:K70)*24-M70,0),0.5)) -> 0 | Q70: =IF(COUNTIF(PARAMETRES_REGIMES!$A$3:$A$100,$A70)>0,0,IF(ISNUMBER(L70),FLOOR(MAX(L70*24,0),0.5),0)) -> 0 | R70: =COUNTIF(F70:L70,"ABS") -> 3 | S70: =COUNTIF(F70:L70,"Congé")+COUNTIF(F70:L70,"CSS")*0+COUNTIF(F70:L70,"CM")*0 -> 0 | T70: =COUNTIF(F70:L70,"Férié") -> 0 | U70: =O70+P70+Q70+(T70*8.5) -> 16 | V70: =IF(COUNTIF(F70:L70,"STC")>0,"STC",IF(OR(IFERROR(ISNUMBER(SEARCH("!",F70)),FALSE),IFERROR(ISNUMBER(SEARCH("!",G70)),FALSE),IFERROR(ISNUMBER(SEARCH("!",H70)),FALSE),IFERROR(ISNUMBER(SEARCH("!",I70)),FALSE),IFERROR(ISNUMBER(SEARCH("!",J70)),FALSE),IFERROR(ISNUMBER(SEARCH("!",K70)),FALSE),IFERROR(ISNUMBER(SEARCH("!",L70)),FALSE)),"À vérifier","OK")) -> OK
A71: 0113 | B71: ROUISSI | C71: EYA | D71: 02. Production | E71: MOD | F71: 0.29166667 | G71: 0.375 | H71: 0.39583333 | I71: 0.375 | J71: 0.39583333 | K71: repos | L71: repos | M71: =48 -> 48 | N71: =SUM(F71:L71)*24 -> 44 | O71: =IF(COUNTIF(PARAMETRES_REGIMES!$A$3:$A$100,$A71)>0,MIN(M71,SUM(F71:L71)*24),MIN(M71,SUM(F71:K71)*24)) -> 44 | P71: =IF(COUNTIF(PARAMETRES_REGIMES!$A$3:$A$100,$A71)>0,FLOOR(MAX(SUM(F71:L71)*24-M71,0),0.5),FLOOR(MAX(SUM(F71:K71)*24-M71,0),0.5)) -> 0 | Q71: =IF(COUNTIF(PARAMETRES_REGIMES!$A$3:$A$100,$A71)>0,0,IF(ISNUMBER(L71),FLOOR(MAX(L71*24,0),0.5),0)) -> 0 | R71: =COUNTIF(F71:L71,"ABS") -> 0 | S71: =COUNTIF(F71:L71,"Congé")+COUNTIF(F71:L71,"CSS")*0+COUNTIF(F71:L71,"CM")*0 -> 0 | T71: =COUNTIF(F71:L71,"Férié") -> 0 | U71: =O71+P71+Q71+(T71*8.5) -> 44 | V71: =IF(COUNTIF(F71:L71,"STC")>0,"STC",IF(OR(IFERROR(ISNUMBER(SEARCH("!",F71)),FALSE),IFERROR(ISNUMBER(SEARCH("!",G71)),FALSE),IFERROR(ISNUMBER(SEARCH("!",H71)),FALSE),IFERROR(ISNUMBER(SEARCH("!",I71)),FALSE),IFERROR(ISNUMBER(SEARCH("!",J71)),FALSE),IFERROR(ISNUMBER(SEARCH("!",K71)),FALSE),IFERROR(ISNUMBER(SEARCH("!",L71)),FALSE)),"À vérifier","OK")) -> OK
A72: 0115 | B72: SALHI | C72: ROMDHANA | D72: 02. Production | E72: MOD | F72: 0.3125 | G72: 0.3125 | H72: 0.39583333 | I72: 0.39583333 | J72: 0.375 | K72: repos | L72: repos | M72: =48 -> 48 | N72: =SUM(F72:L72)*24 -> 43 | O72: =IF(COUNTIF(PARAMETRES_REGIMES!$A$3:$A$100,$A72)>0,MIN(M72,SUM(F72:L72)*24),MIN(M72,SUM(F72:K72)*24)) -> 43 | P72: =IF(COUNTIF(PARAMETRES_REGIMES!$A$3:$A$100,$A72)>0,FLOOR(MAX(SUM(F72:L72)*24-M72,0),0.5),FLOOR(MAX(SUM(F72:K72)*24-M72,0),0.5)) -> 0 | Q72: =IF(COUNTIF(PARAMETRES_REGIMES!$A$3:$A$100,$A72)>0,0,IF(ISNUMBER(L72),FLOOR(MAX(L72*24,0),0.5),0)) -> 0 | R72: =COUNTIF(F72:L72,"ABS") -> 0 | S72: =COUNTIF(F72:L72,"Congé")+COUNTIF(F72:L72,"CSS")*0+COUNTIF(F72:L72,"CM")*0 -> 0 | T72: =COUNTIF(F72:L72,"Férié") -> 0 | U72: =O72+P72+Q72+(T72*8.5) -> 43 | V72: =IF(COUNTIF(F72:L72,"STC")>0,"STC",IF(OR(IFERROR(ISNUMBER(SEARCH("!",F72)),FALSE),IFERROR(ISNUMBER(SEARCH("!",G72)),FALSE),IFERROR(ISNUMBER(SEARCH("!",H72)),FALSE),IFERROR(ISNUMBER(SEARCH("!",I72)),FALSE),IFERROR(ISNUMBER(SEARCH("!",J72)),FALSE),IFERROR(ISNUMBER(SEARCH("!",K72)),FALSE),IFERROR(ISNUMBER(SEARCH("!",L72)),FALSE)),"À vérifier","OK")) -> OK
A73: 0116 | B73: KACEM | C73: OMAR | D73: 04. Maintenance | E73: MOD | F73: 0.375 | G73: 0.33333333 | H73: 0.39583333 | I73: 0.39583333 | J73: 0.39583333 | K73: repos | L73: repos | M73: =48 -> 48 | N73: =SUM(F73:L73)*24 -> 45.5 | O73: =IF(COUNTIF(PARAMETRES_REGIMES!$A$3:$A$100,$A73)>0,MIN(M73,SUM(F73:L73)*24),MIN(M73,SUM(F73:K73)*24)) -> 45.5 | P73: =IF(COUNTIF(PARAMETRES_REGIMES!$A$3:$A$100,$A73)>0,FLOOR(MAX(SUM(F73:L73)*24-M73,0),0.5),FLOOR(MAX(SUM(F73:K73)*24-M73,0),0.5)) -> 0 | Q73: =IF(COUNTIF(PARAMETRES_REGIMES!$A$3:$A$100,$A73)>0,0,IF(ISNUMBER(L73),FLOOR(MAX(L73*24,0),0.5),0)) -> 0 | R73: =COUNTIF(F73:L73,"ABS") -> 0 | S73: =COUNTIF(F73:L73,"Congé")+COUNTIF(F73:L73,"CSS")*0+COUNTIF(F73:L73,"CM")*0 -> 0 | T73: =COUNTIF(F73:L73,"Férié") -> 0 | U73: =O73+P73+Q73+(T73*8.5) -> 45.5 | V73: =IF(COUNTIF(F73:L73,"STC")>0,"STC",IF(OR(IFERROR(ISNUMBER(SEARCH("!",F73)),FALSE),IFERROR(ISNUMBER(SEARCH("!",G73)),FALSE),IFERROR(ISNUMBER(SEARCH("!",H73)),FALSE),IFERROR(ISNUMBER(SEARCH("!",I73)),FALSE),IFERROR(ISNUMBER(SEARCH("!",J73)),FALSE),IFERROR(ISNUMBER(SEARCH("!",K73)),FALSE),IFERROR(ISNUMBER(SEARCH("!",L73)),FALSE)),"À vérifier","OK")) -> OK
A74: 0119 | B74: DIWANI | C74: RAHMA | D74: 02. Production | E74: MOD | F74: 0.29166667 | G74: 0.375 | H74: 0.39583333 | I74: 0.375 | J74: 0.39583333 | K74: repos | L74: repos | M74: =48 -> 48 | N74: =SUM(F74:L74)*24 -> 44 | O74: =IF(COUNTIF(PARAMETRES_REGIMES!$A$3:$A$100,$A74)>0,MIN(M74,SUM(F74:L74)*24),MIN(M74,SUM(F74:K74)*24)) -> 44 | P74: =IF(COUNTIF(PARAMETRES_REGIMES!$A$3:$A$100,$A74)>0,FLOOR(MAX(SUM(F74:L74)*24-M74,0),0.5),FLOOR(MAX(SUM(F74:K74)*24-M74,0),0.5)) -> 0 | Q74: =IF(COUNTIF(PARAMETRES_REGIMES!$A$3:$A$100,$A74)>0,0,IF(ISNUMBER(L74),FLOOR(MAX(L74*24,0),0.5),0)) -> 0 | R74: =COUNTIF(F74:L74,"ABS") -> 0 | S74: =COUNTIF(F74:L74,"Congé")+COUNTIF(F74:L74,"CSS")*0+COUNTIF(F74:L74,"CM")*0 -> 0 | T74: =COUNTIF(F74:L74,"Férié") -> 0 | U74: =O74+P74+Q74+(T74*8.5) -> 44 | V74: =IF(COUNTIF(F74:L74,"STC")>0,"STC",IF(OR(IFERROR(ISNUMBER(SEARCH("!",F74)),FALSE),IFERROR(ISNUMBER(SEARCH("!",G74)),FALSE),IFERROR(ISNUMBER(SEARCH("!",H74)),FALSE),IFERROR(ISNUMBER(SEARCH("!",I74)),FALSE),IFERROR(ISNUMBER(SEARCH("!",J74)),FALSE),IFERROR(ISNUMBER(SEARCH("!",K74)),FALSE),IFERROR(ISNUMBER(SEARCH("!",L74)),FALSE)),"À vérifier","OK")) -> OK
A75: 0121 | B75: AYED | C75: HAZEM | D75: 04. Maintenance | E75: MOD | F75: 0.39583333 | G75: 0.39583333 | H75: 0.39583333 | I75: 0.39583333 | J75: 0.39583333 | K75: repos | L75: repos | M75: =48 -> 48 | N75: =SUM(F75:L75)*24 -> 47.5 | O75: =IF(COUNTIF(PARAMETRES_REGIMES!$A$3:$A$100,$A75)>0,MIN(M75,SUM(F75:L75)*24),MIN(M75,SUM(F75:K75)*24)) -> 47.5 | P75: =IF(COUNTIF(PARAMETRES_REGIMES!$A$3:$A$100,$A75)>0,FLOOR(MAX(SUM(F75:L75)*24-M75,0),0.5),FLOOR(MAX(SUM(F75:K75)*24-M75,0),0.5)) -> 0 | Q75: =IF(COUNTIF(PARAMETRES_REGIMES!$A$3:$A$100,$A75)>0,0,IF(ISNUMBER(L75),FLOOR(MAX(L75*24,0),0.5),0)) -> 0 | R75: =COUNTIF(F75:L75,"ABS") -> 0 | S75: =COUNTIF(F75:L75,"Congé")+COUNTIF(F75:L75,"CSS")*0+COUNTIF(F75:L75,"CM")*0 -> 0 | T75: =COUNTIF(F75:L75,"Férié") -> 0 | U75: =O75+P75+Q75+(T75*8.5) -> 47.5 | V75: =IF(COUNTIF(F75:L75,"STC")>0,"STC",IF(OR(IFERROR(ISNUMBER(SEARCH("!",F75)),FALSE),IFERROR(ISNUMBER(SEARCH("!",G75)),FALSE),IFERROR(ISNUMBER(SEARCH("!",H75)),FALSE),IFERROR(ISNUMBER(SEARCH("!",I75)),FALSE),IFERROR(ISNUMBER(SEARCH("!",J75)),FALSE),IFERROR(ISNUMBER(SEARCH("!",K75)),FALSE),IFERROR(ISNUMBER(SEARCH("!",L75)),FALSE)),"À vérifier","OK")) -> OK
A76: 0133 | B76: BEN KHEDHER | C76: SALEM | D76: 04. Maintenance | E76: MOD | F76: 0.39583333 | G76: 0.39583333 | H76: 0.29166667 | I76: 0.39583333 | J76: CM | K76: repos | L76: repos | M76: =48 -> 48 | N76: =SUM(F76:L76)*24 -> 35.5 | O76: =IF(COUNTIF(PARAMETRES_REGIMES!$A$3:$A$100,$A76)>0,MIN(M76,SUM(F76:L76)*24),MIN(M76,SUM(F76:K76)*24)) -> 35.5 | P76: =IF(COUNTIF(PARAMETRES_REGIMES!$A$3:$A$100,$A76)>0,FLOOR(MAX(SUM(F76:L76)*24-M76,0),0.5),FLOOR(MAX(SUM(F76:K76)*24-M76,0),0.5)) -> 0 | Q76: =IF(COUNTIF(PARAMETRES_REGIMES!$A$3:$A$100,$A76)>0,0,IF(ISNUMBER(L76),FLOOR(MAX(L76*24,0),0.5),0)) -> 0 | R76: =COUNTIF(F76:L76,"ABS") -> 0 | S76: =COUNTIF(F76:L76,"Congé")+COUNTIF(F76:L76,"CSS")*0+COUNTIF(F76:L76,"CM")*0 -> 0 | T76: =COUNTIF(F76:L76,"Férié") -> 0 | U76: =O76+P76+Q76+(T76*8.5) -> 35.5 | V76: =IF(COUNTIF(F76:L76,"STC")>0,"STC",IF(OR(IFERROR(ISNUMBER(SEARCH("!",F76)),FALSE),IFERROR(ISNUMBER(SEARCH("!",G76)),FALSE),IFERROR(ISNUMBER(SEARCH("!",H76)),FALSE),IFERROR(ISNUMBER(SEARCH("!",I76)),FALSE),IFERROR(ISNUMBER(SEARCH("!",J76)),FALSE),IFERROR(ISNUMBER(SEARCH("!",K76)),FALSE),IFERROR(ISNUMBER(SEARCH("!",L76)),FALSE)),"À vérifier","OK")) -> OK
A77: 0136 | B77: ATTAFI | C77: SKANDER | D77: 02. Production | E77: MOD | F77: 0.33333333 | G77: 0.33333333 | H77: ABS | I77: 0.33333333 | J77: ABS | K77: repos | L77: repos | M77: =48 -> 48 | N77: =SUM(F77:L77)*24 -> 24 | O77: =IF(COUNTIF(PARAMETRES_REGIMES!$A$3:$A$100,$A77)>0,MIN(M77,SUM(F77:L77)*24),MIN(M77,SUM(F77:K77)*24)) -> 24 | P77: =IF(COUNTIF(PARAMETRES_REGIMES!$A$3:$A$100,$A77)>0,FLOOR(MAX(SUM(F77:L77)*24-M77,0),0.5),FLOOR(MAX(SUM(F77:K77)*24-M77,0),0.5)) -> 0 | Q77: =IF(COUNTIF(PARAMETRES_REGIMES!$A$3:$A$100,$A77)>0,0,IF(ISNUMBER(L77),FLOOR(MAX(L77*24,0),0.5),0)) -> 0 | R77: =COUNTIF(F77:L77,"ABS") -> 2 | S77: =COUNTIF(F77:L77,"Congé")+COUNTIF(F77:L77,"CSS")*0+COUNTIF(F77:L77,"CM")*0 -> 0 | T77: =COUNTIF(F77:L77,"Férié") -> 0 | U77: =O77+P77+Q77+(T77*8.5) -> 24 | V77: =IF(COUNTIF(F77:L77,"STC")>0,"STC",IF(OR(IFERROR(ISNUMBER(SEARCH("!",F77)),FALSE),IFERROR(ISNUMBER(SEARCH("!",G77)),FALSE),IFERROR(ISNUMBER(SEARCH("!",H77)),FALSE),IFERROR(ISNUMBER(SEARCH("!",I77)),FALSE),IFERROR(ISNUMBER(SEARCH("!",J77)),FALSE),IFERROR(ISNUMBER(SEARCH("!",K77)),FALSE),IFERROR(ISNUMBER(SEARCH("!",L77)),FALSE)),"À vérifier","OK")) -> OK
A78: 0140 | B78: FRIGUI | C78: KOUSSAY | D78: 04. Maintenance | E78: MOI | F78: STC | G78: STC | H78: STC | I78: STC | J78: STC | K78: repos | L78: repos | M78: =48 -> 48 | N78: =SUM(F78:L78)*24 -> 0 | O78: =IF(COUNTIF(PARAMETRES_REGIMES!$A$3:$A$100,$A78)>0,MIN(M78,SUM(F78:L78)*24),MIN(M78,SUM(F78:K78)*24)) -> 0 | P78: =IF(COUNTIF(PARAMETRES_REGIMES!$A$3:$A$100,$A78)>0,FLOOR(MAX(SUM(F78:L78)*24-M78,0),0.5),FLOOR(MAX(SUM(F78:K78)*24-M78,0),0.5)) -> 0 | Q78: =IF(COUNTIF(PARAMETRES_REGIMES!$A$3:$A$100,$A78)>0,0,IF(ISNUMBER(L78),FLOOR(MAX(L78*24,0),0.5),0)) -> 0 | R78: =COUNTIF(F78:L78,"ABS") -> 0 | S78: =COUNTIF(F78:L78,"Congé")+COUNTIF(F78:L78,"CSS")*0+COUNTIF(F78:L78,"CM")*0 -> 0 | T78: =COUNTIF(F78:L78,"Férié") -> 0 | U78: =O78+P78+Q78+(T78*8.5) -> 0 | V78: =IF(COUNTIF(F78:L78,"STC")>0,"STC",IF(OR(IFERROR(ISNUMBER(SEARCH("!",F78)),FALSE),IFERROR(ISNUMBER(SEARCH("!",G78)),FALSE),IFERROR(ISNUMBER(SEARCH("!",H78)),FALSE),IFERROR(ISNUMBER(SEARCH("!",I78)),FALSE),IFERROR(ISNUMBER(SEARCH("!",J78)),FALSE),IFERROR(ISNUMBER(SEARCH("!",K78)),FALSE),IFERROR(ISNUMBER(SEARCH("!",L78)),FALSE)),"À vérifier","OK")) -> STC
A79: 0141 | B79: AMMAR | C79: NJIMA | D79: 02. Production | E79: MOD | F79: 0.39583333 | G79: 0.39583333 | H79: CSS | I79: 0.39583333 | J79: 0.39583333 | K79: repos | L79: repos | M79: =48 -> 48 | N79: =SUM(F79:L79)*24 -> 38 | O79: =IF(COUNTIF(PARAMETRES_REGIMES!$A$3:$A$100,$A79)>0,MIN(M79,SUM(F79:L79)*24),MIN(M79,SUM(F79:K79)*24)) -> 38 | P79: =IF(COUNTIF(PARAMETRES_REGIMES!$A$3:$A$100,$A79)>0,FLOOR(MAX(SUM(F79:L79)*24-M79,0),0.5),FLOOR(MAX(SUM(F79:K79)*24-M79,0),0.5)) -> 0 | Q79: =IF(COUNTIF(PARAMETRES_REGIMES!$A$3:$A$100,$A79)>0,0,IF(ISNUMBER(L79),FLOOR(MAX(L79*24,0),0.5),0)) -> 0 | R79: =COUNTIF(F79:L79,"ABS") -> 0 | S79: =COUNTIF(F79:L79,"Congé")+COUNTIF(F79:L79,"CSS")*0+COUNTIF(F79:L79,"CM")*0 -> 0 | T79: =COUNTIF(F79:L79,"Férié") -> 0 | U79: =O79+P79+Q79+(T79*8.5) -> 38 | V79: =IF(COUNTIF(F79:L79,"STC")>0,"STC",IF(OR(IFERROR(ISNUMBER(SEARCH("!",F79)),FALSE),IFERROR(ISNUMBER(SEARCH("!",G79)),FALSE),IFERROR(ISNUMBER(SEARCH("!",H79)),FALSE),IFERROR(ISNUMBER(SEARCH("!",I79)),FALSE),IFERROR(ISNUMBER(SEARCH("!",J79)),FALSE),IFERROR(ISNUMBER(SEARCH("!",K79)),FALSE),IFERROR(ISNUMBER(SEARCH("!",L79)),FALSE)),"À vérifier","OK")) -> OK
A80: 0143 | B80: SGHAEIR | C80: MAHDI | D80: 02. Production | E80: MOD | F80: 0.29166667 | G80: 0.39583333 | H80: 0.39583333 | I80: ABS | J80: 0.33333333 | K80: repos | L80: repos | M80: =48 -> 48 | N80: =SUM(F80:L80)*24 -> 34 | O80: =IF(COUNTIF(PARAMETRES_REGIMES!$A$3:$A$100,$A80)>0,MIN(M80,SUM(F80:L80)*24),MIN(M80,SUM(F80:K80)*24)) -> 34 | P80: =IF(COUNTIF(PARAMETRES_REGIMES!$A$3:$A$100,$A80)>0,FLOOR(MAX(SUM(F80:L80)*24-M80,0),0.5),FLOOR(MAX(SUM(F80:K80)*24-M80,0),0.5)) -> 0 | Q80: =IF(COUNTIF(PARAMETRES_REGIMES!$A$3:$A$100,$A80)>0,0,IF(ISNUMBER(L80),FLOOR(MAX(L80*24,0),0.5),0)) -> 0 | R80: =COUNTIF(F80:L80,"ABS") -> 1 | S80: =COUNTIF(F80:L80,"Congé")+COUNTIF(F80:L80,"CSS")*0+COUNTIF(F80:L80,"CM")*0 -> 0 | T80: =COUNTIF(F80:L80,"Férié") -> 0 | U80: =O80+P80+Q80+(T80*8.5) -> 34 | V80: =IF(COUNTIF(F80:L80,"STC")>0,"STC",IF(OR(IFERROR(ISNUMBER(SEARCH("!",F80)),FALSE),IFERROR(ISNUMBER(SEARCH("!",G80)),FALSE),IFERROR(ISNUMBER(SEARCH("!",H80)),FALSE),IFERROR(ISNUMBER(SEARCH("!",I80)),FALSE),IFERROR(ISNUMBER(SEARCH("!",J80)),FALSE),IFERROR(ISNUMBER(SEARCH("!",K80)),FALSE),IFERROR(ISNUMBER(SEARCH("!",L80)),FALSE)),"À vérifier","OK")) -> OK
A81: 0148 | B81: ALOUI | C81: HANADI | D81: 02. Production | E81: MOD | F81: ABS | G81: 0.3125 | H81: 0.39583333 | I81: 0.39583333 | J81: 0.39583333 | K81: repos | L81: repos | M81: =48 -> 48 | N81: =SUM(F81:L81)*24 -> 36 | O81: =IF(COUNTIF(PARAMETRES_REGIMES!$A$3:$A$100,$A81)>0,MIN(M81,SUM(F81:L81)*24),MIN(M81,SUM(F81:K81)*24)) -> 36 | P81: =IF(COUNTIF(PARAMETRES_REGIMES!$A$3:$A$100,$A81)>0,FLOOR(MAX(SUM(F81:L81)*24-M81,0),0.5),FLOOR(MAX(SUM(F81:K81)*24-M81,0),0.5)) -> 0 | Q81: =IF(COUNTIF(PARAMETRES_REGIMES!$A$3:$A$100,$A81)>0,0,IF(ISNUMBER(L81),FLOOR(MAX(L81*24,0),0.5),0)) -> 0 | R81: =COUNTIF(F81:L81,"ABS") -> 1 | S81: =COUNTIF(F81:L81,"Congé")+COUNTIF(F81:L81,"CSS")*0+COUNTIF(F81:L81,"CM")*0 -> 0 | T81: =COUNTIF(F81:L81,"Férié") -> 0 | U81: =O81+P81+Q81+(T81*8.5) -> 36 | V81: =IF(COUNTIF(F81:L81,"STC")>0,"STC",IF(OR(IFERROR(ISNUMBER(SEARCH("!",F81)),FALSE),IFERROR(ISNUMBER(SEARCH("!",G81)),FALSE),IFERROR(ISNUMBER(SEARCH("!",H81)),FALSE),IFERROR(ISNUMBER(SEARCH("!",I81)),FALSE),IFERROR(ISNUMBER(SEARCH("!",J81)),FALSE),IFERROR(ISNUMBER(SEARCH("!",K81)),FALSE),IFERROR(ISNUMBER(SEARCH("!",L81)),FALSE)),"À vérifier","OK")) -> OK
A82: 0150 | B82: BOUATAY | C82: ALMA | D82: 02. Production | E82: MOD | F82: 0.39583333 | G82: 0.39583333 | H82: 0.39583333 | I82: 0.39583333 | J82: 0.39583333 | K82: repos | L82: repos | M82: =48 -> 48 | N82: =SUM(F82:L82)*24 -> 47.5 | O82: =IF(COUNTIF(PARAMETRES_REGIMES!$A$3:$A$100,$A82)>0,MIN(M82,SUM(F82:L82)*24),MIN(M82,SUM(F82:K82)*24)) -> 47.5 | P82: =IF(COUNTIF(PARAMETRES_REGIMES!$A$3:$A$100,$A82)>0,FLOOR(MAX(SUM(F82:L82)*24-M82,0),0.5),FLOOR(MAX(SUM(F82:K82)*24-M82,0),0.5)) -> 0 | Q82: =IF(COUNTIF(PARAMETRES_REGIMES!$A$3:$A$100,$A82)>0,0,IF(ISNUMBER(L82),FLOOR(MAX(L82*24,0),0.5),0)) -> 0 | R82: =COUNTIF(F82:L82,"ABS") -> 0 | S82: =COUNTIF(F82:L82,"Congé")+COUNTIF(F82:L82,"CSS")*0+COUNTIF(F82:L82,"CM")*0 -> 0 | T82: =COUNTIF(F82:L82,"Férié") -> 0 | U82: =O82+P82+Q82+(T82*8.5) -> 47.5 | V82: =IF(COUNTIF(F82:L82,"STC")>0,"STC",IF(OR(IFERROR(ISNUMBER(SEARCH("!",F82)),FALSE),IFERROR(ISNUMBER(SEARCH("!",G82)),FALSE),IFERROR(ISNUMBER(SEARCH("!",H82)),FALSE),IFERROR(ISNUMBER(SEARCH("!",I82)),FALSE),IFERROR(ISNUMBER(SEARCH("!",J82)),FALSE),IFERROR(ISNUMBER(SEARCH("!",K82)),FALSE),IFERROR(ISNUMBER(SEARCH("!",L82)),FALSE)),"À vérifier","OK")) -> OK
A83: 0152 | B83: MANSOUR | C83: Nour | D83: 02. Production | E83: MOD | F83: 0.39583333 | G83: 0.39583333 | H83: ABS | I83: 0.3125 | J83: 0.39583333 | K83: repos | L83: repos | M83: =48 -> 48 | N83: =SUM(F83:L83)*24 -> 36 | O83: =IF(COUNTIF(PARAMETRES_REGIMES!$A$3:$A$100,$A83)>0,MIN(M83,SUM(F83:L83)*24),MIN(M83,SUM(F83:K83)*24)) -> 36 | P83: =IF(COUNTIF(PARAMETRES_REGIMES!$A$3:$A$100,$A83)>0,FLOOR(MAX(SUM(F83:L83)*24-M83,0),0.5),FLOOR(MAX(SUM(F83:K83)*24-M83,0),0.5)) -> 0 | Q83: =IF(COUNTIF(PARAMETRES_REGIMES!$A$3:$A$100,$A83)>0,0,IF(ISNUMBER(L83),FLOOR(MAX(L83*24,0),0.5),0)) -> 0 | R83: =COUNTIF(F83:L83,"ABS") -> 1 | S83: =COUNTIF(F83:L83,"Congé")+COUNTIF(F83:L83,"CSS")*0+COUNTIF(F83:L83,"CM")*0 -> 0 | T83: =COUNTIF(F83:L83,"Férié") -> 0 | U83: =O83+P83+Q83+(T83*8.5) -> 36 | V83: =IF(COUNTIF(F83:L83,"STC")>0,"STC",IF(OR(IFERROR(ISNUMBER(SEARCH("!",F83)),FALSE),IFERROR(ISNUMBER(SEARCH("!",G83)),FALSE),IFERROR(ISNUMBER(SEARCH("!",H83)),FALSE),IFERROR(ISNUMBER(SEARCH("!",I83)),FALSE),IFERROR(ISNUMBER(SEARCH("!",J83)),FALSE),IFERROR(ISNUMBER(SEARCH("!",K83)),FALSE),IFERROR(ISNUMBER(SEARCH("!",L83)),FALSE)),"À vérifier","OK")) -> OK
A84: 0154 | B84: SNOUSSI | C84: SAMAR | D84: 02. Production | E84: MOD | F84: ABS | G84: 0.3125 | H84: 0.39583333 | I84: 0.39583333 | J84: 0.39583333 | K84: repos | L84: repos | M84: =48 -> 48 | N84: =SUM(F84:L84)*24 -> 36 | O84: =IF(COUNTIF(PARAMETRES_REGIMES!$A$3:$A$100,$A84)>0,MIN(M84,SUM(F84:L84)*24),MIN(M84,SUM(F84:K84)*24)) -> 36 | P84: =IF(COUNTIF(PARAMETRES_REGIMES!$A$3:$A$100,$A84)>0,FLOOR(MAX(SUM(F84:L84)*24-M84,0),0.5),FLOOR(MAX(SUM(F84:K84)*24-M84,0),0.5)) -> 0 | Q84: =IF(COUNTIF(PARAMETRES_REGIMES!$A$3:$A$100,$A84)>0,0,IF(ISNUMBER(L84),FLOOR(MAX(L84*24,0),0.5),0)) -> 0 | R84: =COUNTIF(F84:L84,"ABS") -> 1 | S84: =COUNTIF(F84:L84,"Congé")+COUNTIF(F84:L84,"CSS")*0+COUNTIF(F84:L84,"CM")*0 -> 0 | T84: =COUNTIF(F84:L84,"Férié") -> 0 | U84: =O84+P84+Q84+(T84*8.5) -> 36 | V84: =IF(COUNTIF(F84:L84,"STC")>0,"STC",IF(OR(IFERROR(ISNUMBER(SEARCH("!",F84)),FALSE),IFERROR(ISNUMBER(SEARCH("!",G84)),FALSE),IFERROR(ISNUMBER(SEARCH("!",H84)),FALSE),IFERROR(ISNUMBER(SEARCH("!",I84)),FALSE),IFERROR(ISNUMBER(SEARCH("!",J84)),FALSE),IFERROR(ISNUMBER(SEARCH("!",K84)),FALSE),IFERROR(ISNUMBER(SEARCH("!",L84)),FALSE)),"À vérifier","OK")) -> OK
A85: 0155 | B85: OUESLETI | C85: AMENI | D85: 02. Production | E85: MOD | F85: ABS | G85: 0.3125 | H85: 0.39583333 | I85: 0.39583333 | J85: 0.39583333 | K85: repos | L85: repos | M85: =48 -> 48 | N85: =SUM(F85:L85)*24 -> 36 | O85: =IF(COUNTIF(PARAMETRES_REGIMES!$A$3:$A$100,$A85)>0,MIN(M85,SUM(F85:L85)*24),MIN(M85,SUM(F85:K85)*24)) -> 36 | P85: =IF(COUNTIF(PARAMETRES_REGIMES!$A$3:$A$100,$A85)>0,FLOOR(MAX(SUM(F85:L85)*24-M85,0),0.5),FLOOR(MAX(SUM(F85:K85)*24-M85,0),0.5)) -> 0 | Q85: =IF(COUNTIF(PARAMETRES_REGIMES!$A$3:$A$100,$A85)>0,0,IF(ISNUMBER(L85),FLOOR(MAX(L85*24,0),0.5),0)) -> 0 | R85: =COUNTIF(F85:L85,"ABS") -> 1 | S85: =COUNTIF(F85:L85,"Congé")+COUNTIF(F85:L85,"CSS")*0+COUNTIF(F85:L85,"CM")*0 -> 0 | T85: =COUNTIF(F85:L85,"Férié") -> 0 | U85: =O85+P85+Q85+(T85*8.5) -> 36 | V85: =IF(COUNTIF(F85:L85,"STC")>0,"STC",IF(OR(IFERROR(ISNUMBER(SEARCH("!",F85)),FALSE),IFERROR(ISNUMBER(SEARCH("!",G85)),FALSE),IFERROR(ISNUMBER(SEARCH("!",H85)),FALSE),IFERROR(ISNUMBER(SEARCH("!",I85)),FALSE),IFERROR(ISNUMBER(SEARCH("!",J85)),FALSE),IFERROR(ISNUMBER(SEARCH("!",K85)),FALSE),IFERROR(ISNUMBER(SEARCH("!",L85)),FALSE)),"À vérifier","OK")) -> OK
A86: 0156 | B86: BACCAR | C86: Islem | D86: 02. Production | E86: MOD | F86: 0.39583333 | G86: 0.39583333 | H86: 0.39583333 | I86: 0.39583333 | J86: 0.39583333 | K86: repos | L86: repos | M86: =48 -> 48 | N86: =SUM(F86:L86)*24 -> 47.5 | O86: =IF(COUNTIF(PARAMETRES_REGIMES!$A$3:$A$100,$A86)>0,MIN(M86,SUM(F86:L86)*24),MIN(M86,SUM(F86:K86)*24)) -> 47.5 | P86: =IF(COUNTIF(PARAMETRES_REGIMES!$A$3:$A$100,$A86)>0,FLOOR(MAX(SUM(F86:L86)*24-M86,0),0.5),FLOOR(MAX(SUM(F86:K86)*24-M86,0),0.5)) -> 0 | Q86: =IF(COUNTIF(PARAMETRES_REGIMES!$A$3:$A$100,$A86)>0,0,IF(ISNUMBER(L86),FLOOR(MAX(L86*24,0),0.5),0)) -> 0 | R86: =COUNTIF(F86:L86,"ABS") -> 0 | S86: =COUNTIF(F86:L86,"Congé")+COUNTIF(F86:L86,"CSS")*0+COUNTIF(F86:L86,"CM")*0 -> 0 | T86: =COUNTIF(F86:L86,"Férié") -> 0 | U86: =O86+P86+Q86+(T86*8.5) -> 47.5 | V86: =IF(COUNTIF(F86:L86,"STC")>0,"STC",IF(OR(IFERROR(ISNUMBER(SEARCH("!",F86)),FALSE),IFERROR(ISNUMBER(SEARCH("!",G86)),FALSE),IFERROR(ISNUMBER(SEARCH("!",H86)),FALSE),IFERROR(ISNUMBER(SEARCH("!",I86)),FALSE),IFERROR(ISNUMBER(SEARCH("!",J86)),FALSE),IFERROR(ISNUMBER(SEARCH("!",K86)),FALSE),IFERROR(ISNUMBER(SEARCH("!",L86)),FALSE)),"À vérifier","OK")) -> OK
A87: 0159 | B87: BOUAKROUCHA | C87: YASSINE | D87: 04. Maintenance | E87: MOD | F87: 0.39583333 | G87: 0.39583333 | H87: 0.39583333 | I87: 0.39583333 | J87: 0.39583333 | K87: repos | L87: repos | M87: =48 -> 48 | N87: =SUM(F87:L87)*24 -> 47.5 | O87: =IF(COUNTIF(PARAMETRES_REGIMES!$A$3:$A$100,$A87)>0,MIN(M87,SUM(F87:L87)*24),MIN(M87,SUM(F87:K87)*24)) -> 47.5 | P87: =IF(COUNTIF(PARAMETRES_REGIMES!$A$3:$A$100,$A87)>0,FLOOR(MAX(SUM(F87:L87)*24-M87,0),0.5),FLOOR(MAX(SUM(F87:K87)*24-M87,0),0.5)) -> 0 | Q87: =IF(COUNTIF(PARAMETRES_REGIMES!$A$3:$A$100,$A87)>0,0,IF(ISNUMBER(L87),FLOOR(MAX(L87*24,0),0.5),0)) -> 0 | R87: =COUNTIF(F87:L87,"ABS") -> 0 | S87: =COUNTIF(F87:L87,"Congé")+COUNTIF(F87:L87,"CSS")*0+COUNTIF(F87:L87,"CM")*0 -> 0 | T87: =COUNTIF(F87:L87,"Férié") -> 0 | U87: =O87+P87+Q87+(T87*8.5) -> 47.5 | V87: =IF(COUNTIF(F87:L87,"STC")>0,"STC",IF(OR(IFERROR(ISNUMBER(SEARCH("!",F87)),FALSE),IFERROR(ISNUMBER(SEARCH("!",G87)),FALSE),IFERROR(ISNUMBER(SEARCH("!",H87)),FALSE),IFERROR(ISNUMBER(SEARCH("!",I87)),FALSE),IFERROR(ISNUMBER(SEARCH("!",J87)),FALSE),IFERROR(ISNUMBER(SEARCH("!",K87)),FALSE),IFERROR(ISNUMBER(SEARCH("!",L87)),FALSE)),"À vérifier","OK")) -> OK
A88: 0162 | B88: MAHJOUB | C88: ABDELAZIZ | D88: 02. Production | E88: MOD | F88: 0.39583333 | G88: STC | H88: STC | I88: STC | J88: STC | K88: repos | L88: repos | M88: =48 -> 48 | N88: =SUM(F88:L88)*24 -> 9.5 | O88: =IF(COUNTIF(PARAMETRES_REGIMES!$A$3:$A$100,$A88)>0,MIN(M88,SUM(F88:L88)*24),MIN(M88,SUM(F88:K88)*24)) -> 9.5 | P88: =IF(COUNTIF(PARAMETRES_REGIMES!$A$3:$A$100,$A88)>0,FLOOR(MAX(SUM(F88:L88)*24-M88,0),0.5),FLOOR(MAX(SUM(F88:K88)*24-M88,0),0.5)) -> 0 | Q88: =IF(COUNTIF(PARAMETRES_REGIMES!$A$3:$A$100,$A88)>0,0,IF(ISNUMBER(L88),FLOOR(MAX(L88*24,0),0.5),0)) -> 0 | R88: =COUNTIF(F88:L88,"ABS") -> 0 | S88: =COUNTIF(F88:L88,"Congé")+COUNTIF(F88:L88,"CSS")*0+COUNTIF(F88:L88,"CM")*0 -> 0 | T88: =COUNTIF(F88:L88,"Férié") -> 0 | U88: =O88+P88+Q88+(T88*8.5) -> 9.5 | V88: =IF(COUNTIF(F88:L88,"STC")>0,"STC",IF(OR(IFERROR(ISNUMBER(SEARCH("!",F88)),FALSE),IFERROR(ISNUMBER(SEARCH("!",G88)),FALSE),IFERROR(ISNUMBER(SEARCH("!",H88)),FALSE),IFERROR(ISNUMBER(SEARCH("!",I88)),FALSE),IFERROR(ISNUMBER(SEARCH("!",J88)),FALSE),IFERROR(ISNUMBER(SEARCH("!",K88)),FALSE),IFERROR(ISNUMBER(SEARCH("!",L88)),FALSE)),"À vérifier","OK")) -> STC
A89: 0167 | B89: ABDENNOUR | C89: ALAA | D89: 02. Production | E89: MOD | F89: 0.39583333 | G89: 0.375 | H89: 0.39583333 | I89: 0.39583333 | J89: 0.39583333 | K89: repos | L89: repos | M89: =48 -> 48 | N89: =SUM(F89:L89)*24 -> 47 | O89: =IF(COUNTIF(PARAMETRES_REGIMES!$A$3:$A$100,$A89)>0,MIN(M89,SUM(F89:L89)*24),MIN(M89,SUM(F89:K89)*24)) -> 47 | P89: =IF(COUNTIF(PARAMETRES_REGIMES!$A$3:$A$100,$A89)>0,FLOOR(MAX(SUM(F89:L89)*24-M89,0),0.5),FLOOR(MAX(SUM(F89:K89)*24-M89,0),0.5)) -> 0 | Q89: =IF(COUNTIF(PARAMETRES_REGIMES!$A$3:$A$100,$A89)>0,0,IF(ISNUMBER(L89),FLOOR(MAX(L89*24,0),0.5),0)) -> 0 | R89: =COUNTIF(F89:L89,"ABS") -> 0 | S89: =COUNTIF(F89:L89,"Congé")+COUNTIF(F89:L89,"CSS")*0+COUNTIF(F89:L89,"CM")*0 -> 0 | T89: =COUNTIF(F89:L89,"Férié") -> 0 | U89: =O89+P89+Q89+(T89*8.5) -> 47 | V89: =IF(COUNTIF(F89:L89,"STC")>0,"STC",IF(OR(IFERROR(ISNUMBER(SEARCH("!",F89)),FALSE),IFERROR(ISNUMBER(SEARCH("!",G89)),FALSE),IFERROR(ISNUMBER(SEARCH("!",H89)),FALSE),IFERROR(ISNUMBER(SEARCH("!",I89)),FALSE),IFERROR(ISNUMBER(SEARCH("!",J89)),FALSE),IFERROR(ISNUMBER(SEARCH("!",K89)),FALSE),IFERROR(ISNUMBER(SEARCH("!",L89)),FALSE)),"À vérifier","OK")) -> OK
A90: 0172 | B90: MZOUGHI | C90: TASNIM | D90: 02. Production | E90: MOD | F90: 0.39583333 | G90: 0.39583333 | H90: 0.39583333 | I90: 0.39583333 | J90: 0.39583333 | K90: repos | L90: repos | M90: =48 -> 48 | N90: =SUM(F90:L90)*24 -> 47.5 | O90: =IF(COUNTIF(PARAMETRES_REGIMES!$A$3:$A$100,$A90)>0,MIN(M90,SUM(F90:L90)*24),MIN(M90,SUM(F90:K90)*24)) -> 47.5 | P90: =IF(COUNTIF(PARAMETRES_REGIMES!$A$3:$A$100,$A90)>0,FLOOR(MAX(SUM(F90:L90)*24-M90,0),0.5),FLOOR(MAX(SUM(F90:K90)*24-M90,0),0.5)) -> 0 | Q90: =IF(COUNTIF(PARAMETRES_REGIMES!$A$3:$A$100,$A90)>0,0,IF(ISNUMBER(L90),FLOOR(MAX(L90*24,0),0.5),0)) -> 0 | R90: =COUNTIF(F90:L90,"ABS") -> 0 | S90: =COUNTIF(F90:L90,"Congé")+COUNTIF(F90:L90,"CSS")*0+COUNTIF(F90:L90,"CM")*0 -> 0 | T90: =COUNTIF(F90:L90,"Férié") -> 0 | U90: =O90+P90+Q90+(T90*8.5) -> 47.5 | V90: =IF(COUNTIF(F90:L90,"STC")>0,"STC",IF(OR(IFERROR(ISNUMBER(SEARCH("!",F90)),FALSE),IFERROR(ISNUMBER(SEARCH("!",G90)),FALSE),IFERROR(ISNUMBER(SEARCH("!",H90)),FALSE),IFERROR(ISNUMBER(SEARCH("!",I90)),FALSE),IFERROR(ISNUMBER(SEARCH("!",J90)),FALSE),IFERROR(ISNUMBER(SEARCH("!",K90)),FALSE),IFERROR(ISNUMBER(SEARCH("!",L90)),FALSE)),"À vérifier","OK")) -> OK
A91: 0175 | B91: ELOUAER | C91: AMENI | D91: 02. Production | E91: MOD | F91: ABS | G91: 0.3125 | H91: 0.39583333 | I91: 0.33333333 | J91: 0.39583333 | K91: repos | L91: repos | M91: =48 -> 48 | N91: =SUM(F91:L91)*24 -> 34.5 | O91: =IF(COUNTIF(PARAMETRES_REGIMES!$A$3:$A$100,$A91)>0,MIN(M91,SUM(F91:L91)*24),MIN(M91,SUM(F91:K91)*24)) -> 34.5 | P91: =IF(COUNTIF(PARAMETRES_REGIMES!$A$3:$A$100,$A91)>0,FLOOR(MAX(SUM(F91:L91)*24-M91,0),0.5),FLOOR(MAX(SUM(F91:K91)*24-M91,0),0.5)) -> 0 | Q91: =IF(COUNTIF(PARAMETRES_REGIMES!$A$3:$A$100,$A91)>0,0,IF(ISNUMBER(L91),FLOOR(MAX(L91*24,0),0.5),0)) -> 0 | R91: =COUNTIF(F91:L91,"ABS") -> 1 | S91: =COUNTIF(F91:L91,"Congé")+COUNTIF(F91:L91,"CSS")*0+COUNTIF(F91:L91,"CM")*0 -> 0 | T91: =COUNTIF(F91:L91,"Férié") -> 0 | U91: =O91+P91+Q91+(T91*8.5) -> 34.5 | V91: =IF(COUNTIF(F91:L91,"STC")>0,"STC",IF(OR(IFERROR(ISNUMBER(SEARCH("!",F91)),FALSE),IFERROR(ISNUMBER(SEARCH("!",G91)),FALSE),IFERROR(ISNUMBER(SEARCH("!",H91)),FALSE),IFERROR(ISNUMBER(SEARCH("!",I91)),FALSE),IFERROR(ISNUMBER(SEARCH("!",J91)),FALSE),IFERROR(ISNUMBER(SEARCH("!",K91)),FALSE),IFERROR(ISNUMBER(SEARCH("!",L91)),FALSE)),"À vérifier","OK")) -> OK
A92: 0176 | B92: LADJIMI | C92: BOCHRA | D92: 02. Production | E92: MOD | F92: ABS | G92: ABS | H92: ABS | I92: 0.3125 | J92: 0.39583333 | K92: repos | L92: repos | M92: =48 -> 48 | N92: =SUM(F92:L92)*24 -> 17 | O92: =IF(COUNTIF(PARAMETRES_REGIMES!$A$3:$A$100,$A92)>0,MIN(M92,SUM(F92:L92)*24),MIN(M92,SUM(F92:K92)*24)) -> 17 | P92: =IF(COUNTIF(PARAMETRES_REGIMES!$A$3:$A$100,$A92)>0,FLOOR(MAX(SUM(F92:L92)*24-M92,0),0.5),FLOOR(MAX(SUM(F92:K92)*24-M92,0),0.5)) -> 0 | Q92: =IF(COUNTIF(PARAMETRES_REGIMES!$A$3:$A$100,$A92)>0,0,IF(ISNUMBER(L92),FLOOR(MAX(L92*24,0),0.5),0)) -> 0 | R92: =COUNTIF(F92:L92,"ABS") -> 3 | S92: =COUNTIF(F92:L92,"Congé")+COUNTIF(F92:L92,"CSS")*0+COUNTIF(F92:L92,"CM")*0 -> 0 | T92: =COUNTIF(F92:L92,"Férié") -> 0 | U92: =O92+P92+Q92+(T92*8.5) -> 17 | V92: =IF(COUNTIF(F92:L92,"STC")>0,"STC",IF(OR(IFERROR(ISNUMBER(SEARCH("!",F92)),FALSE),IFERROR(ISNUMBER(SEARCH("!",G92)),FALSE),IFERROR(ISNUMBER(SEARCH("!",H92)),FALSE),IFERROR(ISNUMBER(SEARCH("!",I92)),FALSE),IFERROR(ISNUMBER(SEARCH("!",J92)),FALSE),IFERROR(ISNUMBER(SEARCH("!",K92)),FALSE),IFERROR(ISNUMBER(SEARCH("!",L92)),FALSE)),"À vérifier","OK")) -> OK
A93: 0179 | B93: BORJI | C93: YASMINE | D93: 02. Production | E93: MOD | F93: 0.39583333 | G93: 0.39583333 | H93: 0.39583333 | I93: 0.39583333 | J93: 0.39583333 | K93: repos | L93: repos | M93: =48 -> 48 | N93: =SUM(F93:L93)*24 -> 47.5 | O93: =IF(COUNTIF(PARAMETRES_REGIMES!$A$3:$A$100,$A93)>0,MIN(M93,SUM(F93:L93)*24),MIN(M93,SUM(F93:K93)*24)) -> 47.5 | P93: =IF(COUNTIF(PARAMETRES_REGIMES!$A$3:$A$100,$A93)>0,FLOOR(MAX(SUM(F93:L93)*24-M93,0),0.5),FLOOR(MAX(SUM(F93:K93)*24-M93,0),0.5)) -> 0 | Q93: =IF(COUNTIF(PARAMETRES_REGIMES!$A$3:$A$100,$A93)>0,0,IF(ISNUMBER(L93),FLOOR(MAX(L93*24,0),0.5),0)) -> 0 | R93: =COUNTIF(F93:L93,"ABS") -> 0 | S93: =COUNTIF(F93:L93,"Congé")+COUNTIF(F93:L93,"CSS")*0+COUNTIF(F93:L93,"CM")*0 -> 0 | T93: =COUNTIF(F93:L93,"Férié") -> 0 | U93: =O93+P93+Q93+(T93*8.5) -> 47.5 | V93: =IF(COUNTIF(F93:L93,"STC")>0,"STC",IF(OR(IFERROR(ISNUMBER(SEARCH("!",F93)),FALSE),IFERROR(ISNUMBER(SEARCH("!",G93)),FALSE),IFERROR(ISNUMBER(SEARCH("!",H93)),FALSE),IFERROR(ISNUMBER(SEARCH("!",I93)),FALSE),IFERROR(ISNUMBER(SEARCH("!",J93)),FALSE),IFERROR(ISNUMBER(SEARCH("!",K93)),FALSE),IFERROR(ISNUMBER(SEARCH("!",L93)),FALSE)),"À vérifier","OK")) -> OK
A94: 0182 | B94: GUEZMIL | C94: NESRINE | D94: 02. Production | E94: MOD | F94: ABS | G94: 0.3125 | H94: 0.39583333 | I94: 0.39583333 | J94: 0.39583333 | K94: repos | L94: repos | M94: =48 -> 48 | N94: =SUM(F94:L94)*24 -> 36 | O94: =IF(COUNTIF(PARAMETRES_REGIMES!$A$3:$A$100,$A94)>0,MIN(M94,SUM(F94:L94)*24),MIN(M94,SUM(F94:K94)*24)) -> 36 | P94: =IF(COUNTIF(PARAMETRES_REGIMES!$A$3:$A$100,$A94)>0,FLOOR(MAX(SUM(F94:L94)*24-M94,0),0.5),FLOOR(MAX(SUM(F94:K94)*24-M94,0),0.5)) -> 0 | Q94: =IF(COUNTIF(PARAMETRES_REGIMES!$A$3:$A$100,$A94)>0,0,IF(ISNUMBER(L94),FLOOR(MAX(L94*24,0),0.5),0)) -> 0 | R94: =COUNTIF(F94:L94,"ABS") -> 1 | S94: =COUNTIF(F94:L94,"Congé")+COUNTIF(F94:L94,"CSS")*0+COUNTIF(F94:L94,"CM")*0 -> 0 | T94: =COUNTIF(F94:L94,"Férié") -> 0 | U94: =O94+P94+Q94+(T94*8.5) -> 36 | V94: =IF(COUNTIF(F94:L94,"STC")>0,"STC",IF(OR(IFERROR(ISNUMBER(SEARCH("!",F94)),FALSE),IFERROR(ISNUMBER(SEARCH("!",G94)),FALSE),IFERROR(ISNUMBER(SEARCH("!",H94)),FALSE),IFERROR(ISNUMBER(SEARCH("!",I94)),FALSE),IFERROR(ISNUMBER(SEARCH("!",J94)),FALSE),IFERROR(ISNUMBER(SEARCH("!",K94)),FALSE),IFERROR(ISNUMBER(SEARCH("!",L94)),FALSE)),"À vérifier","OK")) -> OK
A95: 0185 | B95: HAMZAOUI | C95: ARWA | D95: 02. Production | E95: MOD | F95: 0.39583333 | G95: 0.39583333 | H95: 0.39583333 | I95: 0.39583333 | J95: 0.39583333 | K95: repos | L95: repos | M95: =48 -> 48 | N95: =SUM(F95:L95)*24 -> 47.5 | O95: =IF(COUNTIF(PARAMETRES_REGIMES!$A$3:$A$100,$A95)>0,MIN(M95,SUM(F95:L95)*24),MIN(M95,SUM(F95:K95)*24)) -> 47.5 | P95: =IF(COUNTIF(PARAMETRES_REGIMES!$A$3:$A$100,$A95)>0,FLOOR(MAX(SUM(F95:L95)*24-M95,0),0.5),FLOOR(MAX(SUM(F95:K95)*24-M95,0),0.5)) -> 0 | Q95: =IF(COUNTIF(PARAMETRES_REGIMES!$A$3:$A$100,$A95)>0,0,IF(ISNUMBER(L95),FLOOR(MAX(L95*24,0),0.5),0)) -> 0 | R95: =COUNTIF(F95:L95,"ABS") -> 0 | S95: =COUNTIF(F95:L95,"Congé")+COUNTIF(F95:L95,"CSS")*0+COUNTIF(F95:L95,"CM")*0 -> 0 | T95: =COUNTIF(F95:L95,"Férié") -> 0 | U95: =O95+P95+Q95+(T95*8.5) -> 47.5 | V95: =IF(COUNTIF(F95:L95,"STC")>0,"STC",IF(OR(IFERROR(ISNUMBER(SEARCH("!",F95)),FALSE),IFERROR(ISNUMBER(SEARCH("!",G95)),FALSE),IFERROR(ISNUMBER(SEARCH("!",H95)),FALSE),IFERROR(ISNUMBER(SEARCH("!",I95)),FALSE),IFERROR(ISNUMBER(SEARCH("!",J95)),FALSE),IFERROR(ISNUMBER(SEARCH("!",K95)),FALSE),IFERROR(ISNUMBER(SEARCH("!",L95)),FALSE)),"À vérifier","OK")) -> OK
A96: 0187 | B96: SGHAEIR | C96: NOUHA | D96: 02. Production | E96: MOD | F96: ABS | G96: 0.3125 | H96: 0.39583333 | I96: 0.39583333 | J96: 0.39583333 | K96: repos | L96: repos | M96: =48 -> 48 | N96: =SUM(F96:L96)*24 -> 36 | O96: =IF(COUNTIF(PARAMETRES_REGIMES!$A$3:$A$100,$A96)>0,MIN(M96,SUM(F96:L96)*24),MIN(M96,SUM(F96:K96)*24)) -> 36 | P96: =IF(COUNTIF(PARAMETRES_REGIMES!$A$3:$A$100,$A96)>0,FLOOR(MAX(SUM(F96:L96)*24-M96,0),0.5),FLOOR(MAX(SUM(F96:K96)*24-M96,0),0.5)) -> 0 | Q96: =IF(COUNTIF(PARAMETRES_REGIMES!$A$3:$A$100,$A96)>0,0,IF(ISNUMBER(L96),FLOOR(MAX(L96*24,0),0.5),0)) -> 0 | R96: =COUNTIF(F96:L96,"ABS") -> 1 | S96: =COUNTIF(F96:L96,"Congé")+COUNTIF(F96:L96,"CSS")*0+COUNTIF(F96:L96,"CM")*0 -> 0 | T96: =COUNTIF(F96:L96,"Férié") -> 0 | U96: =O96+P96+Q96+(T96*8.5) -> 36 | V96: =IF(COUNTIF(F96:L96,"STC")>0,"STC",IF(OR(IFERROR(ISNUMBER(SEARCH("!",F96)),FALSE),IFERROR(ISNUMBER(SEARCH("!",G96)),FALSE),IFERROR(ISNUMBER(SEARCH("!",H96)),FALSE),IFERROR(ISNUMBER(SEARCH("!",I96)),FALSE),IFERROR(ISNUMBER(SEARCH("!",J96)),FALSE),IFERROR(ISNUMBER(SEARCH("!",K96)),FALSE),IFERROR(ISNUMBER(SEARCH("!",L96)),FALSE)),"À vérifier","OK")) -> OK
A97: 0191 | B97: GUEZMIL | C97: Sirine | D97: 02. Production | E97: MOD | F97: ABS | G97: 0.3125 | H97: 0.39583333 | I97: 0.39583333 | J97: 0.39583333 | K97: repos | L97: repos | M97: =48 -> 48 | N97: =SUM(F97:L97)*24 -> 36 | O97: =IF(COUNTIF(PARAMETRES_REGIMES!$A$3:$A$100,$A97)>0,MIN(M97,SUM(F97:L97)*24),MIN(M97,SUM(F97:K97)*24)) -> 36 | P97: =IF(COUNTIF(PARAMETRES_REGIMES!$A$3:$A$100,$A97)>0,FLOOR(MAX(SUM(F97:L97)*24-M97,0),0.5),FLOOR(MAX(SUM(F97:K97)*24-M97,0),0.5)) -> 0 | Q97: =IF(COUNTIF(PARAMETRES_REGIMES!$A$3:$A$100,$A97)>0,0,IF(ISNUMBER(L97),FLOOR(MAX(L97*24,0),0.5),0)) -> 0 | R97: =COUNTIF(F97:L97,"ABS") -> 1 | S97: =COUNTIF(F97:L97,"Congé")+COUNTIF(F97:L97,"CSS")*0+COUNTIF(F97:L97,"CM")*0 -> 0 | T97: =COUNTIF(F97:L97,"Férié") -> 0 | U97: =O97+P97+Q97+(T97*8.5) -> 36 | V97: =IF(COUNTIF(F97:L97,"STC")>0,"STC",IF(OR(IFERROR(ISNUMBER(SEARCH("!",F97)),FALSE),IFERROR(ISNUMBER(SEARCH("!",G97)),FALSE),IFERROR(ISNUMBER(SEARCH("!",H97)),FALSE),IFERROR(ISNUMBER(SEARCH("!",I97)),FALSE),IFERROR(ISNUMBER(SEARCH("!",J97)),FALSE),IFERROR(ISNUMBER(SEARCH("!",K97)),FALSE),IFERROR(ISNUMBER(SEARCH("!",L97)),FALSE)),"À vérifier","OK")) -> OK
A98: 0192 | B98: HOUASSE | C98: SONIA | D98: 02. Production | E98: MOD | F98: 0.39583333 | G98: 0.39583333 | H98: 0.39583333 | I98: 0.39583333 | J98: 0.39583333 | K98: repos | L98: repos | M98: =48 -> 48 | N98: =SUM(F98:L98)*24 -> 47.5 | O98: =IF(COUNTIF(PARAMETRES_REGIMES!$A$3:$A$100,$A98)>0,MIN(M98,SUM(F98:L98)*24),MIN(M98,SUM(F98:K98)*24)) -> 47.5 | P98: =IF(COUNTIF(PARAMETRES_REGIMES!$A$3:$A$100,$A98)>0,FLOOR(MAX(SUM(F98:L98)*24-M98,0),0.5),FLOOR(MAX(SUM(F98:K98)*24-M98,0),0.5)) -> 0 | Q98: =IF(COUNTIF(PARAMETRES_REGIMES!$A$3:$A$100,$A98)>0,0,IF(ISNUMBER(L98),FLOOR(MAX(L98*24,0),0.5),0)) -> 0 | R98: =COUNTIF(F98:L98,"ABS") -> 0 | S98: =COUNTIF(F98:L98,"Congé")+COUNTIF(F98:L98,"CSS")*0+COUNTIF(F98:L98,"CM")*0 -> 0 | T98: =COUNTIF(F98:L98,"Férié") -> 0 | U98: =O98+P98+Q98+(T98*8.5) -> 47.5 | V98: =IF(COUNTIF(F98:L98,"STC")>0,"STC",IF(OR(IFERROR(ISNUMBER(SEARCH("!",F98)),FALSE),IFERROR(ISNUMBER(SEARCH("!",G98)),FALSE),IFERROR(ISNUMBER(SEARCH("!",H98)),FALSE),IFERROR(ISNUMBER(SEARCH("!",I98)),FALSE),IFERROR(ISNUMBER(SEARCH("!",J98)),FALSE),IFERROR(ISNUMBER(SEARCH("!",K98)),FALSE),IFERROR(ISNUMBER(SEARCH("!",L98)),FALSE)),"À vérifier","OK")) -> OK
A99: 0196 | B99: LTAIEFA | C99: ILEF | D99: 02. Production | E99: MOD | F99: 0.39583333 | G99: 0.39583333 | H99: 0.39583333 | I99: 0.39583333 | J99: 0.39583333 | K99: repos | L99: repos | M99: =48 -> 48 | N99: =SUM(F99:L99)*24 -> 47.5 | O99: =IF(COUNTIF(PARAMETRES_REGIMES!$A$3:$A$100,$A99)>0,MIN(M99,SUM(F99:L99)*24),MIN(M99,SUM(F99:K99)*24)) -> 47.5 | P99: =IF(COUNTIF(PARAMETRES_REGIMES!$A$3:$A$100,$A99)>0,FLOOR(MAX(SUM(F99:L99)*24-M99,0),0.5),FLOOR(MAX(SUM(F99:K99)*24-M99,0),0.5)) -> 0 | Q99: =IF(COUNTIF(PARAMETRES_REGIMES!$A$3:$A$100,$A99)>0,0,IF(ISNUMBER(L99),FLOOR(MAX(L99*24,0),0.5),0)) -> 0 | R99: =COUNTIF(F99:L99,"ABS") -> 0 | S99: =COUNTIF(F99:L99,"Congé")+COUNTIF(F99:L99,"CSS")*0+COUNTIF(F99:L99,"CM")*0 -> 0 | T99: =COUNTIF(F99:L99,"Férié") -> 0 | U99: =O99+P99+Q99+(T99*8.5) -> 47.5 | V99: =IF(COUNTIF(F99:L99,"STC")>0,"STC",IF(OR(IFERROR(ISNUMBER(SEARCH("!",F99)),FALSE),IFERROR(ISNUMBER(SEARCH("!",G99)),FALSE),IFERROR(ISNUMBER(SEARCH("!",H99)),FALSE),IFERROR(ISNUMBER(SEARCH("!",I99)),FALSE),IFERROR(ISNUMBER(SEARCH("!",J99)),FALSE),IFERROR(ISNUMBER(SEARCH("!",K99)),FALSE),IFERROR(ISNUMBER(SEARCH("!",L99)),FALSE)),"À vérifier","OK")) -> OK
A100: 0197 | B100: SAIDI | C100: SANA | D100: 03. Qualité | E100: MOI | F100: 0.39583333 | G100: 0.39583333 | H100: 0.39583333 | I100: 0.39583333 | J100: CSS | K100: repos | L100: repos | M100: =48 -> 48 | N100: =SUM(F100:L100)*24 -> 38 | O100: =IF(COUNTIF(PARAMETRES_REGIMES!$A$3:$A$100,$A100)>0,MIN(M100,SUM(F100:L100)*24),MIN(M100,SUM(F100:K100)*24)) -> 38 | P100: =IF(COUNTIF(PARAMETRES_REGIMES!$A$3:$A$100,$A100)>0,FLOOR(MAX(SUM(F100:L100)*24-M100,0),0.5),FLOOR(MAX(SUM(F100:K100)*24-M100,0),0.5)) -> 0 | Q100: =IF(COUNTIF(PARAMETRES_REGIMES!$A$3:$A$100,$A100)>0,0,IF(ISNUMBER(L100),FLOOR(MAX(L100*24,0),0.5),0)) -> 0 | R100: =COUNTIF(F100:L100,"ABS") -> 0 | S100: =COUNTIF(F100:L100,"Congé")+COUNTIF(F100:L100,"CSS")*0+COUNTIF(F100:L100,"CM")*0 -> 0 | T100: =COUNTIF(F100:L100,"Férié") -> 0 | U100: =O100+P100+Q100+(T100*8.5) -> 38 | V100: =IF(COUNTIF(F100:L100,"STC")>0,"STC",IF(OR(IFERROR(ISNUMBER(SEARCH("!",F100)),FALSE),IFERROR(ISNUMBER(SEARCH("!",G100)),FALSE),IFERROR(ISNUMBER(SEARCH("!",H100)),FALSE),IFERROR(ISNUMBER(SEARCH("!",I100)),FALSE),IFERROR(ISNUMBER(SEARCH("!",J100)),FALSE),IFERROR(ISNUMBER(SEARCH("!",K100)),FALSE),IFERROR(ISNUMBER(SEARCH("!",L100)),FALSE)),"À vérifier","OK")) -> OK
A101: 0198 | B101: SAIDI | C101: SONIA | D101: 03. Qualité | E101: MOI | F101: 0.39583333 | G101: 0.39583333 | H101: 0.39583333 | I101: 0.39583333 | J101: CSS | K101: repos | L101: repos | M101: =48 -> 48 | N101: =SUM(F101:L101)*24 -> 38 | O101: =IF(COUNTIF(PARAMETRES_REGIMES!$A$3:$A$100,$A101)>0,MIN(M101,SUM(F101:L101)*24),MIN(M101,SUM(F101:K101)*24)) -> 38 | P101: =IF(COUNTIF(PARAMETRES_REGIMES!$A$3:$A$100,$A101)>0,FLOOR(MAX(SUM(F101:L101)*24-M101,0),0.5),FLOOR(MAX(SUM(F101:K101)*24-M101,0),0.5)) -> 0 | Q101: =IF(COUNTIF(PARAMETRES_REGIMES!$A$3:$A$100,$A101)>0,0,IF(ISNUMBER(L101),FLOOR(MAX(L101*24,0),0.5),0)) -> 0 | R101: =COUNTIF(F101:L101,"ABS") -> 0 | S101: =COUNTIF(F101:L101,"Congé")+COUNTIF(F101:L101,"CSS")*0+COUNTIF(F101:L101,"CM")*0 -> 0 | T101: =COUNTIF(F101:L101,"Férié") -> 0 | U101: =O101+P101+Q101+(T101*8.5) -> 38 | V101: =IF(COUNTIF(F101:L101,"STC")>0,"STC",IF(OR(IFERROR(ISNUMBER(SEARCH("!",F101)),FALSE),IFERROR(ISNUMBER(SEARCH("!",G101)),FALSE),IFERROR(ISNUMBER(SEARCH("!",H101)),FALSE),IFERROR(ISNUMBER(SEARCH("!",I101)),FALSE),IFERROR(ISNUMBER(SEARCH("!",J101)),FALSE),IFERROR(ISNUMBER(SEARCH("!",K101)),FALSE),IFERROR(ISNUMBER(SEARCH("!",L101)),FALSE)),"À vérifier","OK")) -> OK
...

Sheet S3_03-09_AOUT
A1: S3 — 03/08 AU 09/08/2026 — STANDARD 48 H
A2: ID ZK | B2: Nom | C2: Prénom | D2: Département | E2: Catégorie MOI/MOD | F2: Lun. 03/08 | G2: Mar. 04/08 | H2: Mer. 05/08 | I2: Jeu. 06/08 | J2: Ven. 07/08 | K2: Sam. 08/08 | L2: Dim. 09/08 | M2: Heures standard (h) | N2: Travail total (h) | O2: Heures normales (h) | P2: HS 75% (h) | Q2: HS 100% (h) | R2: ABS | S2: Congé payé (j) — seulement « Congé » | T2: Jour férié (j) | U2: Total (h) | V2: Contrôle
A3: 0025 | B3: JABNOUN | C3: MOUNA | D3: 01. Direction | E3: MOI | M3: =48 -> 48 | N3: =SUM(F3:L3)*24 -> 0 | O3: =IF(COUNTIF(PARAMETRES_REGIMES!$A$3:$A$100,$A3)>0,MIN(M3,SUM(F3:L3)*24),MIN(M3,SUM(F3:K3)*24)) -> 0 | P3: =IF(COUNTIF(PARAMETRES_REGIMES!$A$3:$A$100,$A3)>0,FLOOR(MAX(SUM(F3:L3)*24-M3,0),0.5),FLOOR(MAX(SUM(F3:K3)*24-M3,0),0.5)) -> 0 | Q3: =IF(COUNTIF(PARAMETRES_REGIMES!$A$3:$A$100,$A3)>0,0,IF(ISNUMBER(L3),FLOOR(MAX(L3*24,0),0.5),0)) -> 0 | R3: =COUNTIF(F3:L3,"ABS") -> 0 | S3: =COUNTIF(F3:L3,"Congé") -> 0 | T3: =COUNTIF(F3:L3,"Férié") -> 0 | U3: =O3+P3+Q3+(T3*8.5) -> 0 | V3: =IF(COUNTIF(F3:L3,"STC")>0,"STC",IF(COUNTIF(F3:L3,"*!*")>0,"À vérifier","OK")) -> OK
A4: 0081 | B4: LAKHEL | C4: MOHAMED | D4: 01. Direction | E4: MOI | M4: =48 -> 48 | N4: =SUM(F4:L4)*24 -> 0 | O4: =IF(COUNTIF(PARAMETRES_REGIMES!$A$3:$A$100,$A4)>0,MIN(M4,SUM(F4:L4)*24),MIN(M4,SUM(F4:K4)*24)) -> 0 | P4: =IF(COUNTIF(PARAMETRES_REGIMES!$A$3:$A$100,$A4)>0,FLOOR(MAX(SUM(F4:L4)*24-M4,0),0.5),FLOOR(MAX(SUM(F4:K4)*24-M4,0),0.5)) -> 0 | Q4: =IF(COUNTIF(PARAMETRES_REGIMES!$A$3:$A$100,$A4)>0,0,IF(ISNUMBER(L4),FLOOR(MAX(L4*24,0),0.5),0)) -> 0 | R4: =COUNTIF(F4:L4,"ABS") -> 0 | S4: =COUNTIF(F4:L4,"Congé") -> 0 | T4: =COUNTIF(F4:L4,"Férié") -> 0 | U4: =O4+P4+Q4+(T4*8.5) -> 0 | V4: =IF(COUNTIF(F4:L4,"STC")>0,"STC",IF(COUNTIF(F4:L4,"*!*")>0,"À vérifier","OK")) -> OK
A5: 0019 | B5: TRIMECHE | C5: CHAIMA | D5: 01. Direction | E5: MOI | M5: =48 -> 48 | N5: =SUM(F5:L5)*24 -> 0 | O5: =IF(COUNTIF(PARAMETRES_REGIMES!$A$3:$A$100,$A5)>0,MIN(M5,SUM(F5:L5)*24),MIN(M5,SUM(F5:K5)*24)) -> 0 | P5: =IF(COUNTIF(PARAMETRES_REGIMES!$A$3:$A$100,$A5)>0,FLOOR(MAX(SUM(F5:L5)*24-M5,0),0.5),FLOOR(MAX(SUM(F5:K5)*24-M5,0),0.5)) -> 0 | Q5: =IF(COUNTIF(PARAMETRES_REGIMES!$A$3:$A$100,$A5)>0,0,IF(ISNUMBER(L5),FLOOR(MAX(L5*24,0),0.5),0)) -> 0 | R5: =COUNTIF(F5:L5,"ABS") -> 0 | S5: =COUNTIF(F5:L5,"Congé") -> 0 | T5: =COUNTIF(F5:L5,"Férié") -> 0 | U5: =O5+P5+Q5+(T5*8.5) -> 0 | V5: =IF(COUNTIF(F5:L5,"STC")>0,"STC",IF(COUNTIF(F5:L5,"*!*")>0,"À vérifier","OK")) -> OK
A6: 124 | B6: AKKARI | C6: FAROUK | D6: 02. Production | E6: MOI | M6: =48 -> 48 | N6: =SUM(F6:L6)*24 -> 0 | O6: =IF(COUNTIF(PARAMETRES_REGIMES!$A$3:$A$100,$A6)>0,MIN(M6,SUM(F6:L6)*24),MIN(M6,SUM(F6:K6)*24)) -> 0 | P6: =IF(COUNTIF(PARAMETRES_REGIMES!$A$3:$A$100,$A6)>0,FLOOR(MAX(SUM(F6:L6)*24-M6,0),0.5),FLOOR(MAX(SUM(F6:K6)*24-M6,0),0.5)) -> 0 | Q6: =IF(COUNTIF(PARAMETRES_REGIMES!$A$3:$A$100,$A6)>0,0,IF(ISNUMBER(L6),FLOOR(MAX(L6*24,0),0.5),0)) -> 0 | R6: =COUNTIF(F6:L6,"ABS") -> 0 | S6: =COUNTIF(F6:L6,"Congé") -> 0 | T6: =COUNTIF(F6:L6,"Férié") -> 0 | U6: =O6+P6+Q6+(T6*8.5) -> 0 | V6: =IF(COUNTIF(F6:L6,"STC")>0,"STC",IF(COUNTIF(F6:L6,"*!*")>0,"À vérifier","OK")) -> OK
A7: 0022 | B7: AMAMOU | C7: ALI | D7: 02. Production | E7: MOI | M7: =48 -> 48 | N7: =SUM(F7:L7)*24 -> 0 | O7: =IF(COUNTIF(PARAMETRES_REGIMES!$A$3:$A$100,$A7)>0,MIN(M7,SUM(F7:L7)*24),MIN(M7,SUM(F7:K7)*24)) -> 0 | P7: =IF(COUNTIF(PARAMETRES_REGIMES!$A$3:$A$100,$A7)>0,FLOOR(MAX(SUM(F7:L7)*24-M7,0),0.5),FLOOR(MAX(SUM(F7:K7)*24-M7,0),0.5)) -> 0 | Q7: =IF(COUNTIF(PARAMETRES_REGIMES!$A$3:$A$100,$A7)>0,0,IF(ISNUMBER(L7),FLOOR(MAX(L7*24,0),0.5),0)) -> 0 | R7: =COUNTIF(F7:L7,"ABS") -> 0 | S7: =COUNTIF(F7:L7,"Congé") -> 0 | T7: =COUNTIF(F7:L7,"Férié") -> 0 | U7: =O7+P7+Q7+(T7*8.5) -> 0 | V7: =IF(COUNTIF(F7:L7,"STC")>0,"STC",IF(COUNTIF(F7:L7,"*!*")>0,"À vérifier","OK")) -> OK
A8: 0013 | B8: DHIBI | C8: TAOUFIK | D8: 02. Production | E8: MOI | M8: =48 -> 48 | N8: =SUM(F8:L8)*24 -> 0 | O8: =IF(COUNTIF(PARAMETRES_REGIMES!$A$3:$A$100,$A8)>0,MIN(M8,SUM(F8:L8)*24),MIN(M8,SUM(F8:K8)*24)) -> 0 | P8: =IF(COUNTIF(PARAMETRES_REGIMES!$A$3:$A$100,$A8)>0,FLOOR(MAX(SUM(F8:L8)*24-M8,0),0.5),FLOOR(MAX(SUM(F8:K8)*24-M8,0),0.5)) -> 0 | Q8: =IF(COUNTIF(PARAMETRES_REGIMES!$A$3:$A$100,$A8)>0,0,IF(ISNUMBER(L8),FLOOR(MAX(L8*24,0),0.5),0)) -> 0 | R8: =COUNTIF(F8:L8,"ABS") -> 0 | S8: =COUNTIF(F8:L8,"Congé") -> 0 | T8: =COUNTIF(F8:L8,"Férié") -> 0 | U8: =O8+P8+Q8+(T8*8.5) -> 0 | V8: =IF(COUNTIF(F8:L8,"STC")>0,"STC",IF(COUNTIF(F8:L8,"*!*")>0,"À vérifier","OK")) -> OK
A9: 0016 | B9: EZZEDINI | C9: HASSEN | D9: 02. Production | E9: MOI | M9: =48 -> 48 | N9: =SUM(F9:L9)*24 -> 0 | O9: =IF(COUNTIF(PARAMETRES_REGIMES!$A$3:$A$100,$A9)>0,MIN(M9,SUM(F9:L9)*24),MIN(M9,SUM(F9:K9)*24)) -> 0 | P9: =IF(COUNTIF(PARAMETRES_REGIMES!$A$3:$A$100,$A9)>0,FLOOR(MAX(SUM(F9:L9)*24-M9,0),0.5),FLOOR(MAX(SUM(F9:K9)*24-M9,0),0.5)) -> 0 | Q9: =IF(COUNTIF(PARAMETRES_REGIMES!$A$3:$A$100,$A9)>0,0,IF(ISNUMBER(L9),FLOOR(MAX(L9*24,0),0.5),0)) -> 0 | R9: =COUNTIF(F9:L9,"ABS") -> 0 | S9: =COUNTIF(F9:L9,"Congé") -> 0 | T9: =COUNTIF(F9:L9,"Férié") -> 0 | U9: =O9+P9+Q9+(T9*8.5) -> 0 | V9: =IF(COUNTIF(F9:L9,"STC")>0,"STC",IF(COUNTIF(F9:L9,"*!*")>0,"À vérifier","OK")) -> OK
A10: 0017 | B10: FERJANI | C10: MOKHLES | D10: 02. Production | E10: MOI | M10: =48 -> 48 | N10: =SUM(F10:L10)*24 -> 0 | O10: =IF(COUNTIF(PARAMETRES_REGIMES!$A$3:$A$100,$A10)>0,MIN(M10,SUM(F10:L10)*24),MIN(M10,SUM(F10:K10)*24)) -> 0 | P10: =IF(COUNTIF(PARAMETRES_REGIMES!$A$3:$A$100,$A10)>0,FLOOR(MAX(SUM(F10:L10)*24-M10,0),0.5),FLOOR(MAX(SUM(F10:K10)*24-M10,0),0.5)) -> 0 | Q10: =IF(COUNTIF(PARAMETRES_REGIMES!$A$3:$A$100,$A10)>0,0,IF(ISNUMBER(L10),FLOOR(MAX(L10*24,0),0.5),0)) -> 0 | R10: =COUNTIF(F10:L10,"ABS") -> 0 | S10: =COUNTIF(F10:L10,"Congé") -> 0 | T10: =COUNTIF(F10:L10,"Férié") -> 0 | U10: =O10+P10+Q10+(T10*8.5) -> 0 | V10: =IF(COUNTIF(F10:L10,"STC")>0,"STC",IF(COUNTIF(F10:L10,"*!*")>0,"À vérifier","OK")) -> OK
A11: 0023 | B11: TLILI | C11: ABDELMAJID | D11: 02. Production | E11: MOI | M11: =48 -> 48 | N11: =SUM(F11:L11)*24 -> 0 | O11: =IF(COUNTIF(PARAMETRES_REGIMES!$A$3:$A$100,$A11)>0,MIN(M11,SUM(F11:L11)*24),MIN(M11,SUM(F11:K11)*24)) -> 0 | P11: =IF(COUNTIF(PARAMETRES_REGIMES!$A$3:$A$100,$A11)>0,FLOOR(MAX(SUM(F11:L11)*24-M11,0),0.5),FLOOR(MAX(SUM(F11:K11)*24-M11,0),0.5)) -> 0 | Q11: =IF(COUNTIF(PARAMETRES_REGIMES!$A$3:$A$100,$A11)>0,0,IF(ISNUMBER(L11),FLOOR(MAX(L11*24,0),0.5),0)) -> 0 | R11: =COUNTIF(F11:L11,"ABS") -> 0 | S11: =COUNTIF(F11:L11,"Congé") -> 0 | T11: =COUNTIF(F11:L11,"Férié") -> 0 | U11: =O11+P11+Q11+(T11*8.5) -> 0 | V11: =IF(COUNTIF(F11:L11,"STC")>0,"STC",IF(COUNTIF(F11:L11,"*!*")>0,"À vérifier","OK")) -> OK
A12: 0029 | B12: CHAIMA | C12: MASSOUDI | D12: 03. Qualité | E12: MOI | M12: =48 -> 48 | N12: =SUM(F12:L12)*24 -> 0 | O12: =IF(COUNTIF(PARAMETRES_REGIMES!$A$3:$A$100,$A12)>0,MIN(M12,SUM(F12:L12)*24),MIN(M12,SUM(F12:K12)*24)) -> 0 | P12: =IF(COUNTIF(PARAMETRES_REGIMES!$A$3:$A$100,$A12)>0,FLOOR(MAX(SUM(F12:L12)*24-M12,0),0.5),FLOOR(MAX(SUM(F12:K12)*24-M12,0),0.5)) -> 0 | Q12: =IF(COUNTIF(PARAMETRES_REGIMES!$A$3:$A$100,$A12)>0,0,IF(ISNUMBER(L12),FLOOR(MAX(L12*24,0),0.5),0)) -> 0 | R12: =COUNTIF(F12:L12,"ABS") -> 0 | S12: =COUNTIF(F12:L12,"Congé") -> 0 | T12: =COUNTIF(F12:L12,"Férié") -> 0 | U12: =O12+P12+Q12+(T12*8.5) -> 0 | V12: =IF(COUNTIF(F12:L12,"STC")>0,"STC",IF(COUNTIF(F12:L12,"*!*")>0,"À vérifier","OK")) -> OK
A13: 132 | B13: GHARSALLAH | C13: RAWYA | D13: 03. Qualité | E13: MOI | M13: =48 -> 48 | N13: =SUM(F13:L13)*24 -> 0 | O13: =IF(COUNTIF(PARAMETRES_REGIMES!$A$3:$A$100,$A13)>0,MIN(M13,SUM(F13:L13)*24),MIN(M13,SUM(F13:K13)*24)) -> 0 | P13: =IF(COUNTIF(PARAMETRES_REGIMES!$A$3:$A$100,$A13)>0,FLOOR(MAX(SUM(F13:L13)*24-M13,0),0.5),FLOOR(MAX(SUM(F13:K13)*24-M13,0),0.5)) -> 0 | Q13: =IF(COUNTIF(PARAMETRES_REGIMES!$A$3:$A$100,$A13)>0,0,IF(ISNUMBER(L13),FLOOR(MAX(L13*24,0),0.5),0)) -> 0 | R13: =COUNTIF(F13:L13,"ABS") -> 0 | S13: =COUNTIF(F13:L13,"Congé") -> 0 | T13: =COUNTIF(F13:L13,"Férié") -> 0 | U13: =O13+P13+Q13+(T13*8.5) -> 0 | V13: =IF(COUNTIF(F13:L13,"STC")>0,"STC",IF(COUNTIF(F13:L13,"*!*")>0,"À vérifier","OK")) -> OK
A14: 174 | B14: HAMAD | C14: MOURAD | D14: 03. Qualité | E14: MOI | M14: =48 -> 48 | N14: =SUM(F14:L14)*24 -> 0 | O14: =IF(COUNTIF(PARAMETRES_REGIMES!$A$3:$A$100,$A14)>0,MIN(M14,SUM(F14:L14)*24),MIN(M14,SUM(F14:K14)*24)) -> 0 | P14: =IF(COUNTIF(PARAMETRES_REGIMES!$A$3:$A$100,$A14)>0,FLOOR(MAX(SUM(F14:L14)*24-M14,0),0.5),FLOOR(MAX(SUM(F14:K14)*24-M14,0),0.5)) -> 0 | Q14: =IF(COUNTIF(PARAMETRES_REGIMES!$A$3:$A$100,$A14)>0,0,IF(ISNUMBER(L14),FLOOR(MAX(L14*24,0),0.5),0)) -> 0 | R14: =COUNTIF(F14:L14,"ABS") -> 0 | S14: =COUNTIF(F14:L14,"Congé") -> 0 | T14: =COUNTIF(F14:L14,"Férié") -> 0 | U14: =O14+P14+Q14+(T14*8.5) -> 0 | V14: =IF(COUNTIF(F14:L14,"STC")>0,"STC",IF(COUNTIF(F14:L14,"*!*")>0,"À vérifier","OK")) -> OK
A15: 0003 | B15: JEDDA | C15: SAFA | D15: 03. Qualité | E15: MOI | M15: =48 -> 48 | N15: =SUM(F15:L15)*24 -> 0 | O15: =IF(COUNTIF(PARAMETRES_REGIMES!$A$3:$A$100,$A15)>0,MIN(M15,SUM(F15:L15)*24),MIN(M15,SUM(F15:K15)*24)) -> 0 | P15: =IF(COUNTIF(PARAMETRES_REGIMES!$A$3:$A$100,$A15)>0,FLOOR(MAX(SUM(F15:L15)*24-M15,0),0.5),FLOOR(MAX(SUM(F15:K15)*24-M15,0),0.5)) -> 0 | Q15: =IF(COUNTIF(PARAMETRES_REGIMES!$A$3:$A$100,$A15)>0,0,IF(ISNUMBER(L15),FLOOR(MAX(L15*24,0),0.5),0)) -> 0 | R15: =COUNTIF(F15:L15,"ABS") -> 0 | S15: =COUNTIF(F15:L15,"Congé") -> 0 | T15: =COUNTIF(F15:L15,"Férié") -> 0 | U15: =O15+P15+Q15+(T15*8.5) -> 0 | V15: =IF(COUNTIF(F15:L15,"STC")>0,"STC",IF(COUNTIF(F15:L15,"*!*")>0,"À vérifier","OK")) -> OK
A16: 0197 | B16: SAIDI | C16: SANA | D16: 03. Qualité | E16: MOI | M16: =48 -> 48 | N16: =SUM(F16:L16)*24 -> 0 | O16: =IF(COUNTIF(PARAMETRES_REGIMES!$A$3:$A$100,$A16)>0,MIN(M16,SUM(F16:L16)*24),MIN(M16,SUM(F16:K16)*24)) -> 0 | P16: =IF(COUNTIF(PARAMETRES_REGIMES!$A$3:$A$100,$A16)>0,FLOOR(MAX(SUM(F16:L16)*24-M16,0),0.5),FLOOR(MAX(SUM(F16:K16)*24-M16,0),0.5)) -> 0 | Q16: =IF(COUNTIF(PARAMETRES_REGIMES!$A$3:$A$100,$A16)>0,0,IF(ISNUMBER(L16),FLOOR(MAX(L16*24,0),0.5),0)) -> 0 | R16: =COUNTIF(F16:L16,"ABS") -> 0 | S16: =COUNTIF(F16:L16,"Congé") -> 0 | T16: =COUNTIF(F16:L16,"Férié") -> 0 | U16: =O16+P16+Q16+(T16*8.5) -> 0 | V16: =IF(COUNTIF(F16:L16,"STC")>0,"STC",IF(COUNTIF(F16:L16,"*!*")>0,"À vérifier","OK")) -> OK
A17: 0198 | B17: SAIDI | C17: SONIA | D17: 03. Qualité | E17: MOI | M17: =48 -> 48 | N17: =SUM(F17:L17)*24 -> 0 | O17: =IF(COUNTIF(PARAMETRES_REGIMES!$A$3:$A$100,$A17)>0,MIN(M17,SUM(F17:L17)*24),MIN(M17,SUM(F17:K17)*24)) -> 0 | P17: =IF(COUNTIF(PARAMETRES_REGIMES!$A$3:$A$100,$A17)>0,FLOOR(MAX(SUM(F17:L17)*24-M17,0),0.5),FLOOR(MAX(SUM(F17:K17)*24-M17,0),0.5)) -> 0 | Q17: =IF(COUNTIF(PARAMETRES_REGIMES!$A$3:$A$100,$A17)>0,0,IF(ISNUMBER(L17),FLOOR(MAX(L17*24,0),0.5),0)) -> 0 | R17: =COUNTIF(F17:L17,"ABS") -> 0 | S17: =COUNTIF(F17:L17,"Congé") -> 0 | T17: =COUNTIF(F17:L17,"Férié") -> 0 | U17: =O17+P17+Q17+(T17*8.5) -> 0 | V17: =IF(COUNTIF(F17:L17,"STC")>0,"STC",IF(COUNTIF(F17:L17,"*!*")>0,"À vérifier","OK")) -> OK
A18: 158 | B18: SEHLI | C18: EYA | D18: 03. Qualité | E18: MOI | M18: =48 -> 48 | N18: =SUM(F18:L18)*24 -> 0 | O18: =IF(COUNTIF(PARAMETRES_REGIMES!$A$3:$A$100,$A18)>0,MIN(M18,SUM(F18:L18)*24),MIN(M18,SUM(F18:K18)*24)) -> 0 | P18: =IF(COUNTIF(PARAMETRES_REGIMES!$A$3:$A$100,$A18)>0,FLOOR(MAX(SUM(F18:L18)*24-M18,0),0.5),FLOOR(MAX(SUM(F18:K18)*24-M18,0),0.5)) -> 0 | Q18: =IF(COUNTIF(PARAMETRES_REGIMES!$A$3:$A$100,$A18)>0,0,IF(ISNUMBER(L18),FLOOR(MAX(L18*24,0),0.5),0)) -> 0 | R18: =COUNTIF(F18:L18,"ABS") -> 0 | S18: =COUNTIF(F18:L18,"Congé") -> 0 | T18: =COUNTIF(F18:L18,"Férié") -> 0 | U18: =O18+P18+Q18+(T18*8.5) -> 0 | V18: =IF(COUNTIF(F18:L18,"STC")>0,"STC",IF(COUNTIF(F18:L18,"*!*")>0,"À vérifier","OK")) -> OK
A19: 0066 | B19: ZAAG | C19: NAOURES | D19: 03. Qualité | E19: MOI | M19: =48 -> 48 | N19: =SUM(F19:L19)*24 -> 0 | O19: =IF(COUNTIF(PARAMETRES_REGIMES!$A$3:$A$100,$A19)>0,MIN(M19,SUM(F19:L19)*24),MIN(M19,SUM(F19:K19)*24)) -> 0 | P19: =IF(COUNTIF(PARAMETRES_REGIMES!$A$3:$A$100,$A19)>0,FLOOR(MAX(SUM(F19:L19)*24-M19,0),0.5),FLOOR(MAX(SUM(F19:K19)*24-M19,0),0.5)) -> 0 | Q19: =IF(COUNTIF(PARAMETRES_REGIMES!$A$3:$A$100,$A19)>0,0,IF(ISNUMBER(L19),FLOOR(MAX(L19*24,0),0.5),0)) -> 0 | R19: =COUNTIF(F19:L19,"ABS") -> 0 | S19: =COUNTIF(F19:L19,"Congé") -> 0 | T19: =COUNTIF(F19:L19,"Férié") -> 0 | U19: =O19+P19+Q19+(T19*8.5) -> 0 | V19: =IF(COUNTIF(F19:L19,"STC")>0,"STC",IF(COUNTIF(F19:L19,"*!*")>0,"À vérifier","OK")) -> OK
A20: 0014 | B20: ABDENNOUR | C20: MOHAMED | D20: 04. Maintenance | E20: MOI | M20: =48 -> 48 | N20: =SUM(F20:L20)*24 -> 0 | O20: =IF(COUNTIF(PARAMETRES_REGIMES!$A$3:$A$100,$A20)>0,MIN(M20,SUM(F20:L20)*24),MIN(M20,SUM(F20:K20)*24)) -> 0 | P20: =IF(COUNTIF(PARAMETRES_REGIMES!$A$3:$A$100,$A20)>0,FLOOR(MAX(SUM(F20:L20)*24-M20,0),0.5),FLOOR(MAX(SUM(F20:K20)*24-M20,0),0.5)) -> 0 | Q20: =IF(COUNTIF(PARAMETRES_REGIMES!$A$3:$A$100,$A20)>0,0,IF(ISNUMBER(L20),FLOOR(MAX(L20*24,0),0.5),0)) -> 0 | R20: =COUNTIF(F20:L20,"ABS") -> 0 | S20: =COUNTIF(F20:L20,"Congé") -> 0 | T20: =COUNTIF(F20:L20,"Férié") -> 0 | U20: =O20+P20+Q20+(T20*8.5) -> 0 | V20: =IF(COUNTIF(F20:L20,"STC")>0,"STC",IF(COUNTIF(F20:L20,"*!*")>0,"À vérifier","OK")) -> OK
A21: 0024 | B21: DRIDI | C21: SLAH | D21: 04. Maintenance | E21: MOI | M21: =48 -> 48 | N21: =SUM(F21:L21)*24 -> 0 | O21: =IF(COUNTIF(PARAMETRES_REGIMES!$A$3:$A$100,$A21)>0,MIN(M21,SUM(F21:L21)*24),MIN(M21,SUM(F21:K21)*24)) -> 0 | P21: =IF(COUNTIF(PARAMETRES_REGIMES!$A$3:$A$100,$A21)>0,FLOOR(MAX(SUM(F21:L21)*24-M21,0),0.5),FLOOR(MAX(SUM(F21:K21)*24-M21,0),0.5)) -> 0 | Q21: =IF(COUNTIF(PARAMETRES_REGIMES!$A$3:$A$100,$A21)>0,0,IF(ISNUMBER(L21),FLOOR(MAX(L21*24,0),0.5),0)) -> 0 | R21: =COUNTIF(F21:L21,"ABS") -> 0 | S21: =COUNTIF(F21:L21,"Congé") -> 0 | T21: =COUNTIF(F21:L21,"Férié") -> 0 | U21: =O21+P21+Q21+(T21*8.5) -> 0 | V21: =IF(COUNTIF(F21:L21,"STC")>0,"STC",IF(COUNTIF(F21:L21,"*!*")>0,"À vérifier","OK")) -> OK
A22: 0140 | B22: FRIGUI | C22: KOUSSAY | D22: 04. Maintenance | E22: MOI | M22: =48 -> 48 | N22: =SUM(F22:L22)*24 -> 0 | O22: =IF(COUNTIF(PARAMETRES_REGIMES!$A$3:$A$100,$A22)>0,MIN(M22,SUM(F22:L22)*24),MIN(M22,SUM(F22:K22)*24)) -> 0 | P22: =IF(COUNTIF(PARAMETRES_REGIMES!$A$3:$A$100,$A22)>0,FLOOR(MAX(SUM(F22:L22)*24-M22,0),0.5),FLOOR(MAX(SUM(F22:K22)*24-M22,0),0.5)) -> 0 | Q22: =IF(COUNTIF(PARAMETRES_REGIMES!$A$3:$A$100,$A22)>0,0,IF(ISNUMBER(L22),FLOOR(MAX(L22*24,0),0.5),0)) -> 0 | R22: =COUNTIF(F22:L22,"ABS") -> 0 | S22: =COUNTIF(F22:L22,"Congé") -> 0 | T22: =COUNTIF(F22:L22,"Férié") -> 0 | U22: =O22+P22+Q22+(T22*8.5) -> 0 | V22: =IF(COUNTIF(F22:L22,"STC")>0,"STC",IF(COUNTIF(F22:L22,"*!*")>0,"À vérifier","OK")) -> OK
A23: 97 | B23: KHEDHER | C23: SALEM | D23: 04. Maintenance | E23: MOI | M23: =48 -> 48 | N23: =SUM(F23:L23)*24 -> 0 | O23: =IF(COUNTIF(PARAMETRES_REGIMES!$A$3:$A$100,$A23)>0,MIN(M23,SUM(F23:L23)*24),MIN(M23,SUM(F23:K23)*24)) -> 0 | P23: =IF(COUNTIF(PARAMETRES_REGIMES!$A$3:$A$100,$A23)>0,FLOOR(MAX(SUM(F23:L23)*24-M23,0),0.5),FLOOR(MAX(SUM(F23:K23)*24-M23,0),0.5)) -> 0 | Q23: =IF(COUNTIF(PARAMETRES_REGIMES!$A$3:$A$100,$A23)>0,0,IF(ISNUMBER(L23),FLOOR(MAX(L23*24,0),0.5),0)) -> 0 | R23: =COUNTIF(F23:L23,"ABS") -> 0 | S23: =COUNTIF(F23:L23,"Congé") -> 0 | T23: =COUNTIF(F23:L23,"Férié") -> 0 | U23: =O23+P23+Q23+(T23*8.5) -> 0 | V23: =IF(COUNTIF(F23:L23,"STC")>0,"STC",IF(COUNTIF(F23:L23,"*!*")>0,"À vérifier","OK")) -> OK
A24: 0020 | B24: LAAYOUNI | C24: ANOUAR | D24: 04. Maintenance | E24: MOI | M24: =48 -> 48 | N24: =SUM(F24:L24)*24 -> 0 | O24: =IF(COUNTIF(PARAMETRES_REGIMES!$A$3:$A$100,$A24)>0,MIN(M24,SUM(F24:L24)*24),MIN(M24,SUM(F24:K24)*24)) -> 0 | P24: =IF(COUNTIF(PARAMETRES_REGIMES!$A$3:$A$100,$A24)>0,FLOOR(MAX(SUM(F24:L24)*24-M24,0),0.5),FLOOR(MAX(SUM(F24:K24)*24-M24,0),0.5)) -> 0 | Q24: =IF(COUNTIF(PARAMETRES_REGIMES!$A$3:$A$100,$A24)>0,0,IF(ISNUMBER(L24),FLOOR(MAX(L24*24,0),0.5),0)) -> 0 | R24: =COUNTIF(F24:L24,"ABS") -> 0 | S24: =COUNTIF(F24:L24,"Congé") -> 0 | T24: =COUNTIF(F24:L24,"Férié") -> 0 | U24: =O24+P24+Q24+(T24*8.5) -> 0 | V24: =IF(COUNTIF(F24:L24,"STC")>0,"STC",IF(COUNTIF(F24:L24,"*!*")>0,"À vérifier","OK")) -> OK
A25: 0004 | B25: ZAIDI | C25: SEIFEDDINE | D25: 04. Maintenance | E25: MOI | M25: =48 -> 48 | N25: =SUM(F25:L25)*24 -> 0 | O25: =IF(COUNTIF(PARAMETRES_REGIMES!$A$3:$A$100,$A25)>0,MIN(M25,SUM(F25:L25)*24),MIN(M25,SUM(F25:K25)*24)) -> 0 | P25: =IF(COUNTIF(PARAMETRES_REGIMES!$A$3:$A$100,$A25)>0,FLOOR(MAX(SUM(F25:L25)*24-M25,0),0.5),FLOOR(MAX(SUM(F25:K25)*24-M25,0),0.5)) -> 0 | Q25: =IF(COUNTIF(PARAMETRES_REGIMES!$A$3:$A$100,$A25)>0,0,IF(ISNUMBER(L25),FLOOR(MAX(L25*24,0),0.5),0)) -> 0 | R25: =COUNTIF(F25:L25,"ABS") -> 0 | S25: =COUNTIF(F25:L25,"Congé") -> 0 | T25: =COUNTIF(F25:L25,"Férié") -> 0 | U25: =O25+P25+Q25+(T25*8.5) -> 0 | V25: =IF(COUNTIF(F25:L25,"STC")>0,"STC",IF(COUNTIF(F25:L25,"*!*")>0,"À vérifier","OK")) -> OK
A26: 0012 | B26: SOUSSI | C26: FATEN | D26: 05. Logistique | E26: MOI | M26: =48 -> 48 | N26: =SUM(F26:L26)*24 -> 0 | O26: =IF(COUNTIF(PARAMETRES_REGIMES!$A$3:$A$100,$A26)>0,MIN(M26,SUM(F26:L26)*24),MIN(M26,SUM(F26:K26)*24)) -> 0 | P26: =IF(COUNTIF(PARAMETRES_REGIMES!$A$3:$A$100,$A26)>0,FLOOR(MAX(SUM(F26:L26)*24-M26,0),0.5),FLOOR(MAX(SUM(F26:K26)*24-M26,0),0.5)) -> 0 | Q26: =IF(COUNTIF(PARAMETRES_REGIMES!$A$3:$A$100,$A26)>0,0,IF(ISNUMBER(L26),FLOOR(MAX(L26*24,0),0.5),0)) -> 0 | R26: =COUNTIF(F26:L26,"ABS") -> 0 | S26: =COUNTIF(F26:L26,"Congé") -> 0 | T26: =COUNTIF(F26:L26,"Férié") -> 0 | U26: =O26+P26+Q26+(T26*8.5) -> 0 | V26: =IF(COUNTIF(F26:L26,"STC")>0,"STC",IF(COUNTIF(F26:L26,"*!*")>0,"À vérifier","OK")) -> OK
A27: 249 | B27: WERFELLI | C27: OUSSEMA | D27: 05. Logistique | E27: MOI | M27: =48 -> 48 | N27: =SUM(F27:L27)*24 -> 0 | O27: =IF(COUNTIF(PARAMETRES_REGIMES!$A$3:$A$100,$A27)>0,MIN(M27,SUM(F27:L27)*24),MIN(M27,SUM(F27:K27)*24)) -> 0 | P27: =IF(COUNTIF(PARAMETRES_REGIMES!$A$3:$A$100,$A27)>0,FLOOR(MAX(SUM(F27:L27)*24-M27,0),0.5),FLOOR(MAX(SUM(F27:K27)*24-M27,0),0.5)) -> 0 | Q27: =IF(COUNTIF(PARAMETRES_REGIMES!$A$3:$A$100,$A27)>0,0,IF(ISNUMBER(L27),FLOOR(MAX(L27*24,0),0.5),0)) -> 0 | R27: =COUNTIF(F27:L27,"ABS") -> 0 | S27: =COUNTIF(F27:L27,"Congé") -> 0 | T27: =COUNTIF(F27:L27,"Férié") -> 0 | U27: =O27+P27+Q27+(T27*8.5) -> 0 | V27: =IF(COUNTIF(F27:L27,"STC")>0,"STC",IF(COUNTIF(F27:L27,"*!*")>0,"À vérifier","OK")) -> OK
A28: 135 | B28: ABID | C28: KHMAIS | D28: 06. RH | E28: MOI | M28: =48 -> 48 | N28: =SUM(F28:L28)*24 -> 0 | O28: =IF(COUNTIF(PARAMETRES_REGIMES!$A$3:$A$100,$A28)>0,MIN(M28,SUM(F28:L28)*24),MIN(M28,SUM(F28:K28)*24)) -> 0 | P28: =IF(COUNTIF(PARAMETRES_REGIMES!$A$3:$A$100,$A28)>0,FLOOR(MAX(SUM(F28:L28)*24-M28,0),0.5),FLOOR(MAX(SUM(F28:K28)*24-M28,0),0.5)) -> 0 | Q28: =IF(COUNTIF(PARAMETRES_REGIMES!$A$3:$A$100,$A28)>0,0,IF(ISNUMBER(L28),FLOOR(MAX(L28*24,0),0.5),0)) -> 0 | R28: =COUNTIF(F28:L28,"ABS") -> 0 | S28: =COUNTIF(F28:L28,"Congé") -> 0 | T28: =COUNTIF(F28:L28,"Férié") -> 0 | U28: =O28+P28+Q28+(T28*8.5) -> 0 | V28: =IF(COUNTIF(F28:L28,"STC")>0,"STC",IF(COUNTIF(F28:L28,"*!*")>0,"À vérifier","OK")) -> OK
A29: 0031 | B29: ALAYA | C29: ZOHRA | D29: 06. RH | E29: MOI | M29: =48 -> 48 | N29: =SUM(F29:L29)*24 -> 0 | O29: =IF(COUNTIF(PARAMETRES_REGIMES!$A$3:$A$100,$A29)>0,MIN(M29,SUM(F29:L29)*24),MIN(M29,SUM(F29:K29)*24)) -> 0 | P29: =IF(COUNTIF(PARAMETRES_REGIMES!$A$3:$A$100,$A29)>0,FLOOR(MAX(SUM(F29:L29)*24-M29,0),0.5),FLOOR(MAX(SUM(F29:K29)*24-M29,0),0.5)) -> 0 | Q29: =IF(COUNTIF(PARAMETRES_REGIMES!$A$3:$A$100,$A29)>0,0,IF(ISNUMBER(L29),FLOOR(MAX(L29*24,0),0.5),0)) -> 0 | R29: =COUNTIF(F29:L29,"ABS") -> 0 | S29: =COUNTIF(F29:L29,"Congé") -> 0 | T29: =COUNTIF(F29:L29,"Férié") -> 0 | U29: =O29+P29+Q29+(T29*8.5) -> 0 | V29: =IF(COUNTIF(F29:L29,"STC")>0,"STC",IF(COUNTIF(F29:L29,"*!*")>0,"À vérifier","OK")) -> OK
A30: 248 | B30: ATTIYA | C30: NAJEH | D30: 06. RH | E30: MOI | M30: =48 -> 48 | N30: =SUM(F30:L30)*24 -> 0 | O30: =IF(COUNTIF(PARAMETRES_REGIMES!$A$3:$A$100,$A30)>0,MIN(M30,SUM(F30:L30)*24),MIN(M30,SUM(F30:K30)*24)) -> 0 | P30: =IF(COUNTIF(PARAMETRES_REGIMES!$A$3:$A$100,$A30)>0,FLOOR(MAX(SUM(F30:L30)*24-M30,0),0.5),FLOOR(MAX(SUM(F30:K30)*24-M30,0),0.5)) -> 0 | Q30: =IF(COUNTIF(PARAMETRES_REGIMES!$A$3:$A$100,$A30)>0,0,IF(ISNUMBER(L30),FLOOR(MAX(L30*24,0),0.5),0)) -> 0 | R30: =COUNTIF(F30:L30,"ABS") -> 0 | S30: =COUNTIF(F30:L30,"Congé") -> 0 | T30: =COUNTIF(F30:L30,"Férié") -> 0 | U30: =O30+P30+Q30+(T30*8.5) -> 0 | V30: =IF(COUNTIF(F30:L30,"STC")>0,"STC",IF(COUNTIF(F30:L30,"*!*")>0,"À vérifier","OK")) -> OK
A31: 71 | B31: AZZEBI | C31: ATEF | D31: 06. RH | E31: MOI | M31: =48 -> 48 | N31: =SUM(F31:L31)*24 -> 0 | O31: =IF(COUNTIF(PARAMETRES_REGIMES!$A$3:$A$100,$A31)>0,MIN(M31,SUM(F31:L31)*24),MIN(M31,SUM(F31:K31)*24)) -> 0 | P31: =IF(COUNTIF(PARAMETRES_REGIMES!$A$3:$A$100,$A31)>0,FLOOR(MAX(SUM(F31:L31)*24-M31,0),0.5),FLOOR(MAX(SUM(F31:K31)*24-M31,0),0.5)) -> 0 | Q31: =IF(COUNTIF(PARAMETRES_REGIMES!$A$3:$A$100,$A31)>0,0,IF(ISNUMBER(L31),FLOOR(MAX(L31*24,0),0.5),0)) -> 0 | R31: =COUNTIF(F31:L31,"ABS") -> 0 | S31: =COUNTIF(F31:L31,"Congé") -> 0 | T31: =COUNTIF(F31:L31,"Férié") -> 0 | U31: =O31+P31+Q31+(T31*8.5) -> 0 | V31: =IF(COUNTIF(F31:L31,"STC")>0,"STC",IF(COUNTIF(F31:L31,"*!*")>0,"À vérifier","OK")) -> OK
A32: 227 | B32: BEN SAAD | C32: ZIED | D32: 06. RH | E32: MOI | M32: =48 -> 48 | N32: =SUM(F32:L32)*24 -> 0 | O32: =IF(COUNTIF(PARAMETRES_REGIMES!$A$3:$A$100,$A32)>0,MIN(M32,SUM(F32:L32)*24),MIN(M32,SUM(F32:K32)*24)) -> 0 | P32: =IF(COUNTIF(PARAMETRES_REGIMES!$A$3:$A$100,$A32)>0,FLOOR(MAX(SUM(F32:L32)*24-M32,0),0.5),FLOOR(MAX(SUM(F32:K32)*24-M32,0),0.5)) -> 0 | Q32: =IF(COUNTIF(PARAMETRES_REGIMES!$A$3:$A$100,$A32)>0,0,IF(ISNUMBER(L32),FLOOR(MAX(L32*24,0),0.5),0)) -> 0 | R32: =COUNTIF(F32:L32,"ABS") -> 0 | S32: =COUNTIF(F32:L32,"Congé") -> 0 | T32: =COUNTIF(F32:L32,"Férié") -> 0 | U32: =O32+P32+Q32+(T32*8.5) -> 0 | V32: =IF(COUNTIF(F32:L32,"STC")>0,"STC",IF(COUNTIF(F32:L32,"*!*")>0,"À vérifier","OK")) -> OK
A33: 251 | B33: BRAHEM | C33: WISSEM | D33: 06. RH | E33: MOI | M33: =48 -> 48 | N33: =SUM(F33:L33)*24 -> 0 | O33: =IF(COUNTIF(PARAMETRES_REGIMES!$A$3:$A$100,$A33)>0,MIN(M33,SUM(F33:L33)*24),MIN(M33,SUM(F33:K33)*24)) -> 0 | P33: =IF(COUNTIF(PARAMETRES_REGIMES!$A$3:$A$100,$A33)>0,FLOOR(MAX(SUM(F33:L33)*24-M33,0),0.5),FLOOR(MAX(SUM(F33:K33)*24-M33,0),0.5)) -> 0 | Q33: =IF(COUNTIF(PARAMETRES_REGIMES!$A$3:$A$100,$A33)>0,0,IF(ISNUMBER(L33),FLOOR(MAX(L33*24,0),0.5),0)) -> 0 | R33: =COUNTIF(F33:L33,"ABS") -> 0 | S33: =COUNTIF(F33:L33,"Congé") -> 0 | T33: =COUNTIF(F33:L33,"Férié") -> 0 | U33: =O33+P33+Q33+(T33*8.5) -> 0 | V33: =IF(COUNTIF(F33:L33,"STC")>0,"STC",IF(COUNTIF(F33:L33,"*!*")>0,"À vérifier","OK")) -> OK
A34: 70 | B34: BRAHIM | C34: HAMDI | D34: 06. RH | E34: MOI | M34: =48 -> 48 | N34: =SUM(F34:L34)*24 -> 0 | O34: =IF(COUNTIF(PARAMETRES_REGIMES!$A$3:$A$100,$A34)>0,MIN(M34,SUM(F34:L34)*24),MIN(M34,SUM(F34:K34)*24)) -> 0 | P34: =IF(COUNTIF(PARAMETRES_REGIMES!$A$3:$A$100,$A34)>0,FLOOR(MAX(SUM(F34:L34)*24-M34,0),0.5),FLOOR(MAX(SUM(F34:K34)*24-M34,0),0.5)) -> 0 | Q34: =IF(COUNTIF(PARAMETRES_REGIMES!$A$3:$A$100,$A34)>0,0,IF(ISNUMBER(L34),FLOOR(MAX(L34*24,0),0.5),0)) -> 0 | R34: =COUNTIF(F34:L34,"ABS") -> 0 | S34: =COUNTIF(F34:L34,"Congé") -> 0 | T34: =COUNTIF(F34:L34,"Férié") -> 0 | U34: =O34+P34+Q34+(T34*8.5) -> 0 | V34: =IF(COUNTIF(F34:L34,"STC")>0,"STC",IF(COUNTIF(F34:L34,"*!*")>0,"À vérifier","OK")) -> OK
A35: 50 | B35: CHOGHRANI | C35: HAYKEL | D35: 06. RH | E35: MOI | M35: =48 -> 48 | N35: =SUM(F35:L35)*24 -> 0 | O35: =IF(COUNTIF(PARAMETRES_REGIMES!$A$3:$A$100,$A35)>0,MIN(M35,SUM(F35:L35)*24),MIN(M35,SUM(F35:K35)*24)) -> 0 | P35: =IF(COUNTIF(PARAMETRES_REGIMES!$A$3:$A$100,$A35)>0,FLOOR(MAX(SUM(F35:L35)*24-M35,0),0.5),FLOOR(MAX(SUM(F35:K35)*24-M35,0),0.5)) -> 0 | Q35: =IF(COUNTIF(PARAMETRES_REGIMES!$A$3:$A$100,$A35)>0,0,IF(ISNUMBER(L35),FLOOR(MAX(L35*24,0),0.5),0)) -> 0 | R35: =COUNTIF(F35:L35,"ABS") -> 0 | S35: =COUNTIF(F35:L35,"Congé") -> 0 | T35: =COUNTIF(F35:L35,"Férié") -> 0 | U35: =O35+P35+Q35+(T35*8.5) -> 0 | V35: =IF(COUNTIF(F35:L35,"STC")>0,"STC",IF(COUNTIF(F35:L35,"*!*")>0,"À vérifier","OK")) -> OK
A36: 250 | B36: EL AYEB | C36: NAOURES | D36: 06. RH | E36: MOI | M36: =48 -> 48 | N36: =SUM(F36:L36)*24 -> 0 | O36: =IF(COUNTIF(PARAMETRES_REGIMES!$A$3:$A$100,$A36)>0,MIN(M36,SUM(F36:L36)*24),MIN(M36,SUM(F36:K36)*24)) -> 0 | P36: =IF(COUNTIF(PARAMETRES_REGIMES!$A$3:$A$100,$A36)>0,FLOOR(MAX(SUM(F36:L36)*24-M36,0),0.5),FLOOR(MAX(SUM(F36:K36)*24-M36,0),0.5)) -> 0 | Q36: =IF(COUNTIF(PARAMETRES_REGIMES!$A$3:$A$100,$A36)>0,0,IF(ISNUMBER(L36),FLOOR(MAX(L36*24,0),0.5),0)) -> 0 | R36: =COUNTIF(F36:L36,"ABS") -> 0 | S36: =COUNTIF(F36:L36,"Congé") -> 0 | T36: =COUNTIF(F36:L36,"Férié") -> 0 | U36: =O36+P36+Q36+(T36*8.5) -> 0 | V36: =IF(COUNTIF(F36:L36,"STC")>0,"STC",IF(COUNTIF(F36:L36,"*!*")>0,"À vérifier","OK")) -> OK
A37: 0006 | B37: ESSID | C37: HOUSSEM EDDINE | D37: 06. RH | E37: MOI | M37: =48 -> 48 | N37: =SUM(F37:L37)*24 -> 0 | O37: =IF(COUNTIF(PARAMETRES_REGIMES!$A$3:$A$100,$A37)>0,MIN(M37,SUM(F37:L37)*24),MIN(M37,SUM(F37:K37)*24)) -> 0 | P37: =IF(COUNTIF(PARAMETRES_REGIMES!$A$3:$A$100,$A37)>0,FLOOR(MAX(SUM(F37:L37)*24-M37,0),0.5),FLOOR(MAX(SUM(F37:K37)*24-M37,0),0.5)) -> 0 | Q37: =IF(COUNTIF(PARAMETRES_REGIMES!$A$3:$A$100,$A37)>0,0,IF(ISNUMBER(L37),FLOOR(MAX(L37*24,0),0.5),0)) -> 0 | R37: =COUNTIF(F37:L37,"ABS") -> 0 | S37: =COUNTIF(F37:L37,"Congé") -> 0 | T37: =COUNTIF(F37:L37,"Férié") -> 0 | U37: =O37+P37+Q37+(T37*8.5) -> 0 | V37: =IF(COUNTIF(F37:L37,"STC")>0,"STC",IF(COUNTIF(F37:L37,"*!*")>0,"À vérifier","OK")) -> OK
A38: 223 | B38: GUEDER | C38: AHLEM | D38: 06. RH | E38: MOI | M38: =48 -> 48 | N38: =SUM(F38:L38)*24 -> 0 | O38: =IF(COUNTIF(PARAMETRES_REGIMES!$A$3:$A$100,$A38)>0,MIN(M38,SUM(F38:L38)*24),MIN(M38,SUM(F38:K38)*24)) -> 0 | P38: =IF(COUNTIF(PARAMETRES_REGIMES!$A$3:$A$100,$A38)>0,FLOOR(MAX(SUM(F38:L38)*24-M38,0),0.5),FLOOR(MAX(SUM(F38:K38)*24-M38,0),0.5)) -> 0 | Q38: =IF(COUNTIF(PARAMETRES_REGIMES!$A$3:$A$100,$A38)>0,0,IF(ISNUMBER(L38),FLOOR(MAX(L38*24,0),0.5),0)) -> 0 | R38: =COUNTIF(F38:L38,"ABS") -> 0 | S38: =COUNTIF(F38:L38,"Congé") -> 0 | T38: =COUNTIF(F38:L38,"Férié") -> 0 | U38: =O38+P38+Q38+(T38*8.5) -> 0 | V38: =IF(COUNTIF(F38:L38,"STC")>0,"STC",IF(COUNTIF(F38:L38,"*!*")>0,"À vérifier","OK")) -> OK
A39: 0100 | B39: MLAIKIA | C39: JAWAHER | D39: 06. RH | E39: MOI | M39: =48 -> 48 | N39: =SUM(F39:L39)*24 -> 0 | O39: =IF(COUNTIF(PARAMETRES_REGIMES!$A$3:$A$100,$A39)>0,MIN(M39,SUM(F39:L39)*24),MIN(M39,SUM(F39:K39)*24)) -> 0 | P39: =IF(COUNTIF(PARAMETRES_REGIMES!$A$3:$A$100,$A39)>0,FLOOR(MAX(SUM(F39:L39)*24-M39,0),0.5),FLOOR(MAX(SUM(F39:K39)*24-M39,0),0.5)) -> 0 | Q39: =IF(COUNTIF(PARAMETRES_REGIMES!$A$3:$A$100,$A39)>0,0,IF(ISNUMBER(L39),FLOOR(MAX(L39*24,0),0.5),0)) -> 0 | R39: =COUNTIF(F39:L39,"ABS") -> 0 | S39: =COUNTIF(F39:L39,"Congé") -> 0 | T39: =COUNTIF(F39:L39,"Férié") -> 0 | U39: =O39+P39+Q39+(T39*8.5) -> 0 | V39: =IF(COUNTIF(F39:L39,"STC")>0,"STC",IF(COUNTIF(F39:L39,"*!*")>0,"À vérifier","OK")) -> OK
A40: 0010 | B40: RTIBI | C40: MOKHTAR | D40: 06. RH | E40: MOI | M40: =48 -> 48 | N40: =SUM(F40:L40)*24 -> 0 | O40: =IF(COUNTIF(PARAMETRES_REGIMES!$A$3:$A$100,$A40)>0,MIN(M40,SUM(F40:L40)*24),MIN(M40,SUM(F40:K40)*24)) -> 0 | P40: =IF(COUNTIF(PARAMETRES_REGIMES!$A$3:$A$100,$A40)>0,FLOOR(MAX(SUM(F40:L40)*24-M40,0),0.5),FLOOR(MAX(SUM(F40:K40)*24-M40,0),0.5)) -> 0 | Q40: =IF(COUNTIF(PARAMETRES_REGIMES!$A$3:$A$100,$A40)>0,0,IF(ISNUMBER(L40),FLOOR(MAX(L40*24,0),0.5),0)) -> 0 | R40: =COUNTIF(F40:L40,"ABS") -> 0 | S40: =COUNTIF(F40:L40,"Congé") -> 0 | T40: =COUNTIF(F40:L40,"Férié") -> 0 | U40: =O40+P40+Q40+(T40*8.5) -> 0 | V40: =IF(COUNTIF(F40:L40,"STC")>0,"STC",IF(COUNTIF(F40:L40,"*!*")>0,"À vérifier","OK")) -> OK
A41: 0107 | B41: ABBES | C41: WALID | D41: 02. Production | E41: MOD | M41: =48 -> 48 | N41: =SUM(F41:L41)*24 -> 0 | O41: =IF(COUNTIF(PARAMETRES_REGIMES!$A$3:$A$100,$A41)>0,MIN(M41,SUM(F41:L41)*24),MIN(M41,SUM(F41:K41)*24)) -> 0 | P41: =IF(COUNTIF(PARAMETRES_REGIMES!$A$3:$A$100,$A41)>0,FLOOR(MAX(SUM(F41:L41)*24-M41,0),0.5),FLOOR(MAX(SUM(F41:K41)*24-M41,0),0.5)) -> 0 | Q41: =IF(COUNTIF(PARAMETRES_REGIMES!$A$3:$A$100,$A41)>0,0,IF(ISNUMBER(L41),FLOOR(MAX(L41*24,0),0.5),0)) -> 0 | R41: =COUNTIF(F41:L41,"ABS") -> 0 | S41: =COUNTIF(F41:L41,"Congé") -> 0 | T41: =COUNTIF(F41:L41,"Férié") -> 0 | U41: =O41+P41+Q41+(T41*8.5) -> 0 | V41: =IF(COUNTIF(F41:L41,"STC")>0,"STC",IF(COUNTIF(F41:L41,"*!*")>0,"À vérifier","OK")) -> OK
A42: 0167 | B42: ABDENNOUR | C42: ALAA | D42: 02. Production | E42: MOD | M42: =48 -> 48 | N42: =SUM(F42:L42)*24 -> 0 | O42: =IF(COUNTIF(PARAMETRES_REGIMES!$A$3:$A$100,$A42)>0,MIN(M42,SUM(F42:L42)*24),MIN(M42,SUM(F42:K42)*24)) -> 0 | P42: =IF(COUNTIF(PARAMETRES_REGIMES!$A$3:$A$100,$A42)>0,FLOOR(MAX(SUM(F42:L42)*24-M42,0),0.5),FLOOR(MAX(SUM(F42:K42)*24-M42,0),0.5)) -> 0 | Q42: =IF(COUNTIF(PARAMETRES_REGIMES!$A$3:$A$100,$A42)>0,0,IF(ISNUMBER(L42),FLOOR(MAX(L42*24,0),0.5),0)) -> 0 | R42: =COUNTIF(F42:L42,"ABS") -> 0 | S42: =COUNTIF(F42:L42,"Congé") -> 0 | T42: =COUNTIF(F42:L42,"Férié") -> 0 | U42: =O42+P42+Q42+(T42*8.5) -> 0 | V42: =IF(COUNTIF(F42:L42,"STC")>0,"STC",IF(COUNTIF(F42:L42,"*!*")>0,"À vérifier","OK")) -> OK
A43: 0205 | B43: AJEJ | C43: MOOTEZ | D43: 02. Production | E43: MOD | M43: =48 -> 48 | N43: =SUM(F43:L43)*24 -> 0 | O43: =IF(COUNTIF(PARAMETRES_REGIMES!$A$3:$A$100,$A43)>0,MIN(M43,SUM(F43:L43)*24),MIN(M43,SUM(F43:K43)*24)) -> 0 | P43: =IF(COUNTIF(PARAMETRES_REGIMES!$A$3:$A$100,$A43)>0,FLOOR(MAX(SUM(F43:L43)*24-M43,0),0.5),FLOOR(MAX(SUM(F43:K43)*24-M43,0),0.5)) -> 0 | Q43: =IF(COUNTIF(PARAMETRES_REGIMES!$A$3:$A$100,$A43)>0,0,IF(ISNUMBER(L43),FLOOR(MAX(L43*24,0),0.5),0)) -> 0 | R43: =COUNTIF(F43:L43,"ABS") -> 0 | S43: =COUNTIF(F43:L43,"Congé") -> 0 | T43: =COUNTIF(F43:L43,"Férié") -> 0 | U43: =O43+P43+Q43+(T43*8.5) -> 0 | V43: =IF(COUNTIF(F43:L43,"STC")>0,"STC",IF(COUNTIF(F43:L43,"*!*")>0,"À vérifier","OK")) -> OK
A44: 53 | B44: ALLEGUI | C44: AMEL | D44: 02. Production | E44: MOD | M44: =48 -> 48 | N44: =SUM(F44:L44)*24 -> 0 | O44: =IF(COUNTIF(PARAMETRES_REGIMES!$A$3:$A$100,$A44)>0,MIN(M44,SUM(F44:L44)*24),MIN(M44,SUM(F44:K44)*24)) -> 0 | P44: =IF(COUNTIF(PARAMETRES_REGIMES!$A$3:$A$100,$A44)>0,FLOOR(MAX(SUM(F44:L44)*24-M44,0),0.5),FLOOR(MAX(SUM(F44:K44)*24-M44,0),0.5)) -> 0 | Q44: =IF(COUNTIF(PARAMETRES_REGIMES!$A$3:$A$100,$A44)>0,0,IF(ISNUMBER(L44),FLOOR(MAX(L44*24,0),0.5),0)) -> 0 | R44: =COUNTIF(F44:L44,"ABS") -> 0 | S44: =COUNTIF(F44:L44,"Congé") -> 0 | T44: =COUNTIF(F44:L44,"Férié") -> 0 | U44: =O44+P44+Q44+(T44*8.5) -> 0 | V44: =IF(COUNTIF(F44:L44,"STC")>0,"STC",IF(COUNTIF(F44:L44,"*!*")>0,"À vérifier","OK")) -> OK
A45: 0148 | B45: ALOUI | C45: HANADI | D45: 02. Production | E45: MOD | M45: =48 -> 48 | N45: =SUM(F45:L45)*24 -> 0 | O45: =IF(COUNTIF(PARAMETRES_REGIMES!$A$3:$A$100,$A45)>0,MIN(M45,SUM(F45:L45)*24),MIN(M45,SUM(F45:K45)*24)) -> 0 | P45: =IF(COUNTIF(PARAMETRES_REGIMES!$A$3:$A$100,$A45)>0,FLOOR(MAX(SUM(F45:L45)*24-M45,0),0.5),FLOOR(MAX(SUM(F45:K45)*24-M45,0),0.5)) -> 0 | Q45: =IF(COUNTIF(PARAMETRES_REGIMES!$A$3:$A$100,$A45)>0,0,IF(ISNUMBER(L45),FLOOR(MAX(L45*24,0),0.5),0)) -> 0 | R45: =COUNTIF(F45:L45,"ABS") -> 0 | S45: =COUNTIF(F45:L45,"Congé") -> 0 | T45: =COUNTIF(F45:L45,"Férié") -> 0 | U45: =O45+P45+Q45+(T45*8.5) -> 0 | V45: =IF(COUNTIF(F45:L45,"STC")>0,"STC",IF(COUNTIF(F45:L45,"*!*")>0,"À vérifier","OK")) -> OK
A46: 0141 | B46: AMMAR | C46: NJIMA | D46: 02. Production | E46: MOD | M46: =48 -> 48 | N46: =SUM(F46:L46)*24 -> 0 | O46: =IF(COUNTIF(PARAMETRES_REGIMES!$A$3:$A$100,$A46)>0,MIN(M46,SUM(F46:L46)*24),MIN(M46,SUM(F46:K46)*24)) -> 0 | P46: =IF(COUNTIF(PARAMETRES_REGIMES!$A$3:$A$100,$A46)>0,FLOOR(MAX(SUM(F46:L46)*24-M46,0),0.5),FLOOR(MAX(SUM(F46:K46)*24-M46,0),0.5)) -> 0 | Q46: =IF(COUNTIF(PARAMETRES_REGIMES!$A$3:$A$100,$A46)>0,0,IF(ISNUMBER(L46),FLOOR(MAX(L46*24,0),0.5),0)) -> 0 | R46: =COUNTIF(F46:L46,"ABS") -> 0 | S46: =COUNTIF(F46:L46,"Congé") -> 0 | T46: =COUNTIF(F46:L46,"Férié") -> 0 | U46: =O46+P46+Q46+(T46*8.5) -> 0 | V46: =IF(COUNTIF(F46:L46,"STC")>0,"STC",IF(COUNTIF(F46:L46,"*!*")>0,"À vérifier","OK")) -> OK
A47: 0047 | B47: ASSADI | C47: HAJER | D47: 02. Production | E47: MOD | M47: =48 -> 48 | N47: =SUM(F47:L47)*24 -> 0 | O47: =IF(COUNTIF(PARAMETRES_REGIMES!$A$3:$A$100,$A47)>0,MIN(M47,SUM(F47:L47)*24),MIN(M47,SUM(F47:K47)*24)) -> 0 | P47: =IF(COUNTIF(PARAMETRES_REGIMES!$A$3:$A$100,$A47)>0,FLOOR(MAX(SUM(F47:L47)*24-M47,0),0.5),FLOOR(MAX(SUM(F47:K47)*24-M47,0),0.5)) -> 0 | Q47: =IF(COUNTIF(PARAMETRES_REGIMES!$A$3:$A$100,$A47)>0,0,IF(ISNUMBER(L47),FLOOR(MAX(L47*24,0),0.5),0)) -> 0 | R47: =COUNTIF(F47:L47,"ABS") -> 0 | S47: =COUNTIF(F47:L47,"Congé") -> 0 | T47: =COUNTIF(F47:L47,"Férié") -> 0 | U47: =O47+P47+Q47+(T47*8.5) -> 0 | V47: =IF(COUNTIF(F47:L47,"STC")>0,"STC",IF(COUNTIF(F47:L47,"*!*")>0,"À vérifier","OK")) -> OK
A48: 0136 | B48: ATTAFI | C48: SKANDER | D48: 02. Production | E48: MOD | M48: =48 -> 48 | N48: =SUM(F48:L48)*24 -> 0 | O48: =IF(COUNTIF(PARAMETRES_REGIMES!$A$3:$A$100,$A48)>0,MIN(M48,SUM(F48:L48)*24),MIN(M48,SUM(F48:K48)*24)) -> 0 | P48: =IF(COUNTIF(PARAMETRES_REGIMES!$A$3:$A$100,$A48)>0,FLOOR(MAX(SUM(F48:L48)*24-M48,0),0.5),FLOOR(MAX(SUM(F48:K48)*24-M48,0),0.5)) -> 0 | Q48: =IF(COUNTIF(PARAMETRES_REGIMES!$A$3:$A$100,$A48)>0,0,IF(ISNUMBER(L48),FLOOR(MAX(L48*24,0),0.5),0)) -> 0 | R48: =COUNTIF(F48:L48,"ABS") -> 0 | S48: =COUNTIF(F48:L48,"Congé") -> 0 | T48: =COUNTIF(F48:L48,"Férié") -> 0 | U48: =O48+P48+Q48+(T48*8.5) -> 0 | V48: =IF(COUNTIF(F48:L48,"STC")>0,"STC",IF(COUNTIF(F48:L48,"*!*")>0,"À vérifier","OK")) -> OK
A49: 0156 | B49: BACCAR | C49: Islem | D49: 02. Production | E49: MOD | M49: =48 -> 48 | N49: =SUM(F49:L49)*24 -> 0 | O49: =IF(COUNTIF(PARAMETRES_REGIMES!$A$3:$A$100,$A49)>0,MIN(M49,SUM(F49:L49)*24),MIN(M49,SUM(F49:K49)*24)) -> 0 | P49: =IF(COUNTIF(PARAMETRES_REGIMES!$A$3:$A$100,$A49)>0,FLOOR(MAX(SUM(F49:L49)*24-M49,0),0.5),FLOOR(MAX(SUM(F49:K49)*24-M49,0),0.5)) -> 0 | Q49: =IF(COUNTIF(PARAMETRES_REGIMES!$A$3:$A$100,$A49)>0,0,IF(ISNUMBER(L49),FLOOR(MAX(L49*24,0),0.5),0)) -> 0 | R49: =COUNTIF(F49:L49,"ABS") -> 0 | S49: =COUNTIF(F49:L49,"Congé") -> 0 | T49: =COUNTIF(F49:L49,"Férié") -> 0 | U49: =O49+P49+Q49+(T49*8.5) -> 0 | V49: =IF(COUNTIF(F49:L49,"STC")>0,"STC",IF(COUNTIF(F49:L49,"*!*")>0,"À vérifier","OK")) -> OK
A50: 0093 | B50: BEN ABDELKADER | C50: HADIR | D50: 02. Production | E50: MOD | M50: =48 -> 48 | N50: =SUM(F50:L50)*24 -> 0 | O50: =IF(COUNTIF(PARAMETRES_REGIMES!$A$3:$A$100,$A50)>0,MIN(M50,SUM(F50:L50)*24),MIN(M50,SUM(F50:K50)*24)) -> 0 | P50: =IF(COUNTIF(PARAMETRES_REGIMES!$A$3:$A$100,$A50)>0,FLOOR(MAX(SUM(F50:L50)*24-M50,0),0.5),FLOOR(MAX(SUM(F50:K50)*24-M50,0),0.5)) -> 0 | Q50: =IF(COUNTIF(PARAMETRES_REGIMES!$A$3:$A$100,$A50)>0,0,IF(ISNUMBER(L50),FLOOR(MAX(L50*24,0),0.5),0)) -> 0 | R50: =COUNTIF(F50:L50,"ABS") -> 0 | S50: =COUNTIF(F50:L50,"Congé") -> 0 | T50: =COUNTIF(F50:L50,"Férié") -> 0 | U50: =O50+P50+Q50+(T50*8.5) -> 0 | V50: =IF(COUNTIF(F50:L50,"STC")>0,"STC",IF(COUNTIF(F50:L50,"*!*")>0,"À vérifier","OK")) -> OK
A51: 0104 | B51: BEN IBRAHIM | C51: BADREDDINE | D51: 02. Production | E51: MOD | M51: =48 -> 48 | N51: =SUM(F51:L51)*24 -> 0 | O51: =IF(COUNTIF(PARAMETRES_REGIMES!$A$3:$A$100,$A51)>0,MIN(M51,SUM(F51:L51)*24),MIN(M51,SUM(F51:K51)*24)) -> 0 | P51: =IF(COUNTIF(PARAMETRES_REGIMES!$A$3:$A$100,$A51)>0,FLOOR(MAX(SUM(F51:L51)*24-M51,0),0.5),FLOOR(MAX(SUM(F51:K51)*24-M51,0),0.5)) -> 0 | Q51: =IF(COUNTIF(PARAMETRES_REGIMES!$A$3:$A$100,$A51)>0,0,IF(ISNUMBER(L51),FLOOR(MAX(L51*24,0),0.5),0)) -> 0 | R51: =COUNTIF(F51:L51,"ABS") -> 0 | S51: =COUNTIF(F51:L51,"Congé") -> 0 | T51: =COUNTIF(F51:L51,"Férié") -> 0 | U51: =O51+P51+Q51+(T51*8.5) -> 0 | V51: =IF(COUNTIF(F51:L51,"STC")>0,"STC",IF(COUNTIF(F51:L51,"*!*")>0,"À vérifier","OK")) -> OK
A52: 0100 | B52: BEN IBRAHIM | C52: MOHANNED | D52: 02. Production | E52: MOD | M52: =48 -> 48 | N52: =SUM(F52:L52)*24 -> 0 | O52: =IF(COUNTIF(PARAMETRES_REGIMES!$A$3:$A$100,$A52)>0,MIN(M52,SUM(F52:L52)*24),MIN(M52,SUM(F52:K52)*24)) -> 0 | P52: =IF(COUNTIF(PARAMETRES_REGIMES!$A$3:$A$100,$A52)>0,FLOOR(MAX(SUM(F52:L52)*24-M52,0),0.5),FLOOR(MAX(SUM(F52:K52)*24-M52,0),0.5)) -> 0 | Q52: =IF(COUNTIF(PARAMETRES_REGIMES!$A$3:$A$100,$A52)>0,0,IF(ISNUMBER(L52),FLOOR(MAX(L52*24,0),0.5),0)) -> 0 | R52: =COUNTIF(F52:L52,"ABS") -> 0 | S52: =COUNTIF(F52:L52,"Congé") -> 0 | T52: =COUNTIF(F52:L52,"Férié") -> 0 | U52: =O52+P52+Q52+(T52*8.5) -> 0 | V52: =IF(COUNTIF(F52:L52,"STC")>0,"STC",IF(COUNTIF(F52:L52,"*!*")>0,"À vérifier","OK")) -> OK
A53: 177 | B53: BESSWA | C53: YASMINE | D53: 02. Production | E53: MOD | M53: =48 -> 48 | N53: =SUM(F53:L53)*24 -> 0 | O53: =IF(COUNTIF(PARAMETRES_REGIMES!$A$3:$A$100,$A53)>0,MIN(M53,SUM(F53:L53)*24),MIN(M53,SUM(F53:K53)*24)) -> 0 | P53: =IF(COUNTIF(PARAMETRES_REGIMES!$A$3:$A$100,$A53)>0,FLOOR(MAX(SUM(F53:L53)*24-M53,0),0.5),FLOOR(MAX(SUM(F53:K53)*24-M53,0),0.5)) -> 0 | Q53: =IF(COUNTIF(PARAMETRES_REGIMES!$A$3:$A$100,$A53)>0,0,IF(ISNUMBER(L53),FLOOR(MAX(L53*24,0),0.5),0)) -> 0 | R53: =COUNTIF(F53:L53,"ABS") -> 0 | S53: =COUNTIF(F53:L53,"Congé") -> 0 | T53: =COUNTIF(F53:L53,"Férié") -> 0 | U53: =O53+P53+Q53+(T53*8.5) -> 0 | V53: =IF(COUNTIF(F53:L53,"STC")>0,"STC",IF(COUNTIF(F53:L53,"*!*")>0,"À vérifier","OK")) -> OK
A54: 0179 | B54: BORJI | C54: YASMINE | D54: 02. Production | E54: MOD | M54: =48 -> 48 | N54: =SUM(F54:L54)*24 -> 0 | O54: =IF(COUNTIF(PARAMETRES_REGIMES!$A$3:$A$100,$A54)>0,MIN(M54,SUM(F54:L54)*24),MIN(M54,SUM(F54:K54)*24)) -> 0 | P54: =IF(COUNTIF(PARAMETRES_REGIMES!$A$3:$A$100,$A54)>0,FLOOR(MAX(SUM(F54:L54)*24-M54,0),0.5),FLOOR(MAX(SUM(F54:K54)*24-M54,0),0.5)) -> 0 | Q54: =IF(COUNTIF(PARAMETRES_REGIMES!$A$3:$A$100,$A54)>0,0,IF(ISNUMBER(L54),FLOOR(MAX(L54*24,0),0.5),0)) -> 0 | R54: =COUNTIF(F54:L54,"ABS") -> 0 | S54: =COUNTIF(F54:L54,"Congé") -> 0 | T54: =COUNTIF(F54:L54,"Férié") -> 0 | U54: =O54+P54+Q54+(T54*8.5) -> 0 | V54: =IF(COUNTIF(F54:L54,"STC")>0,"STC",IF(COUNTIF(F54:L54,"*!*")>0,"À vérifier","OK")) -> OK
A55: 0150 | B55: BOUATAY | C55: ALMA | D55: 02. Production | E55: MOD | M55: =48 -> 48 | N55: =SUM(F55:L55)*24 -> 0 | O55: =IF(COUNTIF(PARAMETRES_REGIMES!$A$3:$A$100,$A55)>0,MIN(M55,SUM(F55:L55)*24),MIN(M55,SUM(F55:K55)*24)) -> 0 | P55: =IF(COUNTIF(PARAMETRES_REGIMES!$A$3:$A$100,$A55)>0,FLOOR(MAX(SUM(F55:L55)*24-M55,0),0.5),FLOOR(MAX(SUM(F55:K55)*24-M55,0),0.5)) -> 0 | Q55: =IF(COUNTIF(PARAMETRES_REGIMES!$A$3:$A$100,$A55)>0,0,IF(ISNUMBER(L55),FLOOR(MAX(L55*24,0),0.5),0)) -> 0 | R55: =COUNTIF(F55:L55,"ABS") -> 0 | S55: =COUNTIF(F55:L55,"Congé") -> 0 | T55: =COUNTIF(F55:L55,"Férié") -> 0 | U55: =O55+P55+Q55+(T55*8.5) -> 0 | V55: =IF(COUNTIF(F55:L55,"STC")>0,"STC",IF(COUNTIF(F55:L55,"*!*")>0,"À vérifier","OK")) -> OK
A56: 163 | B56: BOUYATTAY | C56: SENDA | D56: 02. Production | E56: MOD | M56: =48 -> 48 | N56: =SUM(F56:L56)*24 -> 0 | O56: =IF(COUNTIF(PARAMETRES_REGIMES!$A$3:$A$100,$A56)>0,MIN(M56,SUM(F56:L56)*24),MIN(M56,SUM(F56:K56)*24)) -> 0 | P56: =IF(COUNTIF(PARAMETRES_REGIMES!$A$3:$A$100,$A56)>0,FLOOR(MAX(SUM(F56:L56)*24-M56,0),0.5),FLOOR(MAX(SUM(F56:K56)*24-M56,0),0.5)) -> 0 | Q56: =IF(COUNTIF(PARAMETRES_REGIMES!$A$3:$A$100,$A56)>0,0,IF(ISNUMBER(L56),FLOOR(MAX(L56*24,0),0.5),0)) -> 0 | R56: =COUNTIF(F56:L56,"ABS") -> 0 | S56: =COUNTIF(F56:L56,"Congé") -> 0 | T56: =COUNTIF(F56:L56,"Férié") -> 0 | U56: =O56+P56+Q56+(T56*8.5) -> 0 | V56: =IF(COUNTIF(F56:L56,"STC")>0,"STC",IF(COUNTIF(F56:L56,"*!*")>0,"À vérifier","OK")) -> OK
A57: 240 | B57: BRICHNI | C57: ZAINEB | D57: 02. Production | E57: MOD | M57: =48 -> 48 | N57: =SUM(F57:L57)*24 -> 0 | O57: =IF(COUNTIF(PARAMETRES_REGIMES!$A$3:$A$100,$A57)>0,MIN(M57,SUM(F57:L57)*24),MIN(M57,SUM(F57:K57)*24)) -> 0 | P57: =IF(COUNTIF(PARAMETRES_REGIMES!$A$3:$A$100,$A57)>0,FLOOR(MAX(SUM(F57:L57)*24-M57,0),0.5),FLOOR(MAX(SUM(F57:K57)*24-M57,0),0.5)) -> 0 | Q57: =IF(COUNTIF(PARAMETRES_REGIMES!$A$3:$A$100,$A57)>0,0,IF(ISNUMBER(L57),FLOOR(MAX(L57*24,0),0.5),0)) -> 0 | R57: =COUNTIF(F57:L57,"ABS") -> 0 | S57: =COUNTIF(F57:L57,"Congé") -> 0 | T57: =COUNTIF(F57:L57,"Férié") -> 0 | U57: =O57+P57+Q57+(T57*8.5) -> 0 | V57: =IF(COUNTIF(F57:L57,"STC")>0,"STC",IF(COUNTIF(F57:L57,"*!*")>0,"À vérifier","OK")) -> OK
A58: 0052 | B58: CHEDLY | C58: LAMIS | D58: 02. Production | E58: MOD | M58: =48 -> 48 | N58: =SUM(F58:L58)*24 -> 0 | O58: =IF(COUNTIF(PARAMETRES_REGIMES!$A$3:$A$100,$A58)>0,MIN(M58,SUM(F58:L58)*24),MIN(M58,SUM(F58:K58)*24)) -> 0 | P58: =IF(COUNTIF(PARAMETRES_REGIMES!$A$3:$A$100,$A58)>0,FLOOR(MAX(SUM(F58:L58)*24-M58,0),0.5),FLOOR(MAX(SUM(F58:K58)*24-M58,0),0.5)) -> 0 | Q58: =IF(COUNTIF(PARAMETRES_REGIMES!$A$3:$A$100,$A58)>0,0,IF(ISNUMBER(L58),FLOOR(MAX(L58*24,0),0.5),0)) -> 0 | R58: =COUNTIF(F58:L58,"ABS") -> 0 | S58: =COUNTIF(F58:L58,"Congé") -> 0 | T58: =COUNTIF(F58:L58,"Férié") -> 0 | U58: =O58+P58+Q58+(T58*8.5) -> 0 | V58: =IF(COUNTIF(F58:L58,"STC")>0,"STC",IF(COUNTIF(F58:L58,"*!*")>0,"À vérifier","OK")) -> OK
A59: 0061 | B59: CHENCHEN | C59: MANEL | D59: 02. Production | E59: MOD | M59: =48 -> 48 | N59: =SUM(F59:L59)*24 -> 0 | O59: =IF(COUNTIF(PARAMETRES_REGIMES!$A$3:$A$100,$A59)>0,MIN(M59,SUM(F59:L59)*24),MIN(M59,SUM(F59:K59)*24)) -> 0 | P59: =IF(COUNTIF(PARAMETRES_REGIMES!$A$3:$A$100,$A59)>0,FLOOR(MAX(SUM(F59:L59)*24-M59,0),0.5),FLOOR(MAX(SUM(F59:K59)*24-M59,0),0.5)) -> 0 | Q59: =IF(COUNTIF(PARAMETRES_REGIMES!$A$3:$A$100,$A59)>0,0,IF(ISNUMBER(L59),FLOOR(MAX(L59*24,0),0.5),0)) -> 0 | R59: =COUNTIF(F59:L59,"ABS") -> 0 | S59: =COUNTIF(F59:L59,"Congé") -> 0 | T59: =COUNTIF(F59:L59,"Férié") -> 0 | U59: =O59+P59+Q59+(T59*8.5) -> 0 | V59: =IF(COUNTIF(F59:L59,"STC")>0,"STC",IF(COUNTIF(F59:L59,"*!*")>0,"À vérifier","OK")) -> OK
A60: 192 | B60: CHIBA | C60: RANIM | D60: 02. Production | E60: MOD | M60: =48 -> 48 | N60: =SUM(F60:L60)*24 -> 0 | O60: =IF(COUNTIF(PARAMETRES_REGIMES!$A$3:$A$100,$A60)>0,MIN(M60,SUM(F60:L60)*24),MIN(M60,SUM(F60:K60)*24)) -> 0 | P60: =IF(COUNTIF(PARAMETRES_REGIMES!$A$3:$A$100,$A60)>0,FLOOR(MAX(SUM(F60:L60)*24-M60,0),0.5),FLOOR(MAX(SUM(F60:K60)*24-M60,0),0.5)) -> 0 | Q60: =IF(COUNTIF(PARAMETRES_REGIMES!$A$3:$A$100,$A60)>0,0,IF(ISNUMBER(L60),FLOOR(MAX(L60*24,0),0.5),0)) -> 0 | R60: =COUNTIF(F60:L60,"ABS") -> 0 | S60: =COUNTIF(F60:L60,"Congé") -> 0 | T60: =COUNTIF(F60:L60,"Férié") -> 0 | U60: =O60+P60+Q60+(T60*8.5) -> 0 | V60: =IF(COUNTIF(F60:L60,"STC")>0,"STC",IF(COUNTIF(F60:L60,"*!*")>0,"À vérifier","OK")) -> OK
A61: 0211 | B61: CHIKHAOUI | C61: KHOULOUD | D61: 02. Production | E61: MOD | M61: =48 -> 48 | N61: =SUM(F61:L61)*24 -> 0 | O61: =IF(COUNTIF(PARAMETRES_REGIMES!$A$3:$A$100,$A61)>0,MIN(M61,SUM(F61:L61)*24),MIN(M61,SUM(F61:K61)*24)) -> 0 | P61: =IF(COUNTIF(PARAMETRES_REGIMES!$A$3:$A$100,$A61)>0,FLOOR(MAX(SUM(F61:L61)*24-M61,0),0.5),FLOOR(MAX(SUM(F61:K61)*24-M61,0),0.5)) -> 0 | Q61: =IF(COUNTIF(PARAMETRES_REGIMES!$A$3:$A$100,$A61)>0,0,IF(ISNUMBER(L61),FLOOR(MAX(L61*24,0),0.5),0)) -> 0 | R61: =COUNTIF(F61:L61,"ABS") -> 0 | S61: =COUNTIF(F61:L61,"Congé") -> 0 | T61: =COUNTIF(F61:L61,"Férié") -> 0 | U61: =O61+P61+Q61+(T61*8.5) -> 0 | V61: =IF(COUNTIF(F61:L61,"STC")>0,"STC",IF(COUNTIF(F61:L61,"*!*")>0,"À vérifier","OK")) -> OK
A62: 0222 | B62: DACHRAOUI | C62: TAYSIR | D62: 02. Production | E62: MOD | M62: =48 -> 48 | N62: =SUM(F62:L62)*24 -> 0 | O62: =IF(COUNTIF(PARAMETRES_REGIMES!$A$3:$A$100,$A62)>0,MIN(M62,SUM(F62:L62)*24),MIN(M62,SUM(F62:K62)*24)) -> 0 | P62: =IF(COUNTIF(PARAMETRES_REGIMES!$A$3:$A$100,$A62)>0,FLOOR(MAX(SUM(F62:L62)*24-M62,0),0.5),FLOOR(MAX(SUM(F62:K62)*24-M62,0),0.5)) -> 0 | Q62: =IF(COUNTIF(PARAMETRES_REGIMES!$A$3:$A$100,$A62)>0,0,IF(ISNUMBER(L62),FLOOR(MAX(L62*24,0),0.5),0)) -> 0 | R62: =COUNTIF(F62:L62,"ABS") -> 0 | S62: =COUNTIF(F62:L62,"Congé") -> 0 | T62: =COUNTIF(F62:L62,"Férié") -> 0 | U62: =O62+P62+Q62+(T62*8.5) -> 0 | V62: =IF(COUNTIF(F62:L62,"STC")>0,"STC",IF(COUNTIF(F62:L62,"*!*")>0,"À vérifier","OK")) -> OK
A63: 0109 | B63: DHIFALLAH | C63: INES | D63: 02. Production | E63: MOD | M63: =48 -> 48 | N63: =SUM(F63:L63)*24 -> 0 | O63: =IF(COUNTIF(PARAMETRES_REGIMES!$A$3:$A$100,$A63)>0,MIN(M63,SUM(F63:L63)*24),MIN(M63,SUM(F63:K63)*24)) -> 0 | P63: =IF(COUNTIF(PARAMETRES_REGIMES!$A$3:$A$100,$A63)>0,FLOOR(MAX(SUM(F63:L63)*24-M63,0),0.5),FLOOR(MAX(SUM(F63:K63)*24-M63,0),0.5)) -> 0 | Q63: =IF(COUNTIF(PARAMETRES_REGIMES!$A$3:$A$100,$A63)>0,0,IF(ISNUMBER(L63),FLOOR(MAX(L63*24,0),0.5),0)) -> 0 | R63: =COUNTIF(F63:L63,"ABS") -> 0 | S63: =COUNTIF(F63:L63,"Congé") -> 0 | T63: =COUNTIF(F63:L63,"Férié") -> 0 | U63: =O63+P63+Q63+(T63*8.5) -> 0 | V63: =IF(COUNTIF(F63:L63,"STC")>0,"STC",IF(COUNTIF(F63:L63,"*!*")>0,"À vérifier","OK")) -> OK
A64: 0119 | B64: DIWANI | C64: RAHMA | D64: 02. Production | E64: MOD | M64: =48 -> 48 | N64: =SUM(F64:L64)*24 -> 0 | O64: =IF(COUNTIF(PARAMETRES_REGIMES!$A$3:$A$100,$A64)>0,MIN(M64,SUM(F64:L64)*24),MIN(M64,SUM(F64:K64)*24)) -> 0 | P64: =IF(COUNTIF(PARAMETRES_REGIMES!$A$3:$A$100,$A64)>0,FLOOR(MAX(SUM(F64:L64)*24-M64,0),0.5),FLOOR(MAX(SUM(F64:K64)*24-M64,0),0.5)) -> 0 | Q64: =IF(COUNTIF(PARAMETRES_REGIMES!$A$3:$A$100,$A64)>0,0,IF(ISNUMBER(L64),FLOOR(MAX(L64*24,0),0.5),0)) -> 0 | R64: =COUNTIF(F64:L64,"ABS") -> 0 | S64: =COUNTIF(F64:L64,"Congé") -> 0 | T64: =COUNTIF(F64:L64,"Férié") -> 0 | U64: =O64+P64+Q64+(T64*8.5) -> 0 | V64: =IF(COUNTIF(F64:L64,"STC")>0,"STC",IF(COUNTIF(F64:L64,"*!*")>0,"À vérifier","OK")) -> OK
